entity,method_cnt,method_post,protocol_1_0,status_major,status_404,status_499,status_cnt,path_same,path_xmlrpc,ua_cnt,has_payload,bytes_avg,bytes_std
118.91.65.55,1.0,0.0,False,0.0,0.0,False,7.0,0.12320916905444126,0.0,4.0,True,1983396.676217765,7008842.339237148
94.143.43.112,1.0,1.0,False,0.0,0.0,False,1.0,1.0,0.0,0.0,True,166.0,0.0
104.248.171.151,1.0,1.0,False,0.0,0.0,False,1.0,1.0,0.0,1.0,True,197.0,0.0
143.198.94.117,1.0,0.0,False,0.0,0.0,False,1.0,1.0,0.0,1.0,True,396.0,0.0
173.230.152.19,1.0,0.0,False,0.0,0.0,False,2.0,0.16666666666666666,0.0,1.0,True,230.16666666666666,74.16292125374304
188.166.233.5,2.0,0.0,False,0.0,0.0,False,2.0,0.75,0.0,1.0,True,247.25,164.2488584435216
64.227.74.166,1.0,0.0,True,0.0,0.0,False,2.0,0.07692307692307693,0.0,0.0,True,200.30769230769232,118.84533233472602
167.172.47.36,1.0,0.0,True,0.0,0.0,False,1.0,1.0,0.0,0.0,True,612.0,0.0
185.254.196.186,2.0,0.4909090909090909,False,0.0,0.0,False,2.0,0.509090909090909,0.0,1.0,True,340.2181818181818,186.3768119511058
162.216.150.63,1.0,0.0,False,0.0,0.0,False,1.0,1.0,0.0,0.0,True,612.0,0.0
104.248.143.84,1.0,0.0,False,0.0,0.0,False,1.0,1.0,0.0,0.0,True,612.0,0.0
139.162.84.205,1.0,0.0,True,0.0,0.0,False,2.0,1.0,0.0,1.0,True,902.7589285714286,830.3107878286096
185.254.196.173,2.0,0.4745762711864407,False,0.0,0.0,False,3.0,0.5254237288135594,0.0,1.0,True,338.59887005649716,185.92004416840587
35.197.184.38,1.0,0.0,True,0.0,0.0,False,2.0,0.5,0.0,0.0,True,166.0,0.0
223.83.130.192,1.0,0.0,True,0.0,0.0,False,1.0,1.0,0.0,1.0,True,612.0,0.0
123.191.157.205,1.0,0.0,False,0.0,0.0,False,1.0,1.0,0.0,1.0,True,612.0,0.0
220.250.11.195,1.0,0.0,False,0.0,0.0,False,1.0,1.0,0.0,1.0,True,564.0,0.0
198.235.24.65,0.0,0.0,False,0.0,0.0,False,1.0,0.0,0.0,0.0,True,166.0,0.0
45.56.108.128,1.0,0.0,True,0.0,0.0,False,1.0,1.0,0.0,1.0,True,488.8421052631579,145.5426373258998
71.6.232.20,1.0,0.0,False,0.0,0.0,False,1.0,1.0,0.0,1.0,True,396.0,0.0
184.105.139.69,0.0,0.0,False,0.0,0.0,False,1.0,0.0,0.0,0.0,True,166.0,0.0
66.240.205.34,0.0,0.0,False,0.0,0.0,False,1.0,0.0,0.0,0.0,True,166.0,0.0
115.194.211.220,2.0,0.1111111111111111,True,0.0,0.0,False,3.0,0.4444444444444444,0.0,0.0,True,362.8888888888889,222.81653860641316
45.79.181.251,0.0,0.0,False,0.0,0.0,False,1.0,0.0,0.0,0.0,True,166.0,0.0
128.199.106.52,1.0,0.0,False,0.0,0.0,False,2.0,0.3333333333333333,0.0,0.0,True,172.0,8.48528137423857
94.76.224.227,1.0,0.0,True,0.0,0.0,False,1.0,0.023255813953488372,0.0,0.0,True,162.0,0.0
3.239.83.162,1.0,0.0,False,0.0,0.0,False,1.0,1.0,0.0,3.0,True,396.0,0.0
111.20.101.120,1.0,0.0,False,0.0,0.0,False,1.0,1.0,0.0,0.0,True,166.0,0.0
178.62.80.43,0.0,0.0,False,0.0,0.0,False,1.0,0.0,0.0,0.0,True,166.0,0.0
66.240.236.116,1.0,0.0,False,0.0,0.0,False,1.0,1.0,0.0,0.0,True,320.5,75.5
180.149.125.169,1.0,0.0,False,0.0,0.0,False,1.0,1.0,0.0,1.0,True,396.0,0.0
35.240.121.17,1.0,0.0,False,0.0,0.0,False,1.0,1.0,0.0,0.0,True,396.0,0.0
205.210.31.8,1.0,0.0,False,0.0,0.0,False,1.0,1.0,0.0,0.0,True,612.0,0.0
146.190.135.19,1.0,0.0,True,0.0,0.0,False,1.0,1.0,0.0,0.0,True,612.0,0.0
128.14.209.162,1.0,0.0,False,0.0,0.0,False,1.0,1.0,0.0,1.0,True,396.0,0.0
45.79.181.94,1.0,0.0,False,0.0,0.0,False,2.0,0.2222222222222222,0.0,1.0,True,200.33333333333334,73.43326524433218
144.255.16.12,1.0,0.0,True,0.0,0.0,False,1.0,1.0,0.0,0.0,True,612.0,0.0
185.180.143.50,1.0,0.0,False,0.0,0.0,False,1.0,1.0,0.0,1.0,True,396.0,0.0
221.11.4.158,1.0,0.0,False,0.0,0.0,False,1.0,1.0,0.0,1.0,True,612.0,0.0
220.250.11.48,1.0,0.0,False,0.0,0.0,False,1.0,1.0,0.0,1.0,True,564.0,0.0
104.152.52.92,1.0,0.0,True,0.0,0.0,False,1.0,1.0,0.0,0.0,True,612.0,0.0
172.104.11.34,1.0,0.0,False,0.0,0.0,False,2.0,0.5,0.0,1.0,True,393.75,278.0201206747454
103.80.134.74,1.0,0.0,False,0.0,0.0,False,1.0,1.0,0.0,0.0,True,612.0,0.0
91.204.226.19,1.0,0.0,False,0.0,0.0,False,2.0,0.3333333333333333,0.0,0.0,True,212.0,141.4213562373095
162.142.125.222,1.0,0.0,False,0.0,0.0,False,3.0,0.5,0.0,0.0,True,327.0,193.1035991378721
84.241.45.61,1.0,0.0,False,0.0,0.0,False,1.0,1.0,0.0,1.0,True,612.0,0.0
45.95.146.119,1.0,0.0,False,0.0,0.0,False,1.0,1.0,0.0,0.0,True,396.0,0.0
167.94.146.51,1.0,0.0,False,0.0,0.0,False,3.0,0.5,0.0,0.0,True,327.0,193.1035991378721
172.105.128.11,0.0,0.0,False,0.0,0.0,False,1.0,0.0,0.0,0.0,True,166.0,0.0
209.160.106.188,2.0,0.5,False,0.0,0.0,False,2.0,0.5,0.0,0.0,True,150.0,16.0
205.210.31.147,1.0,0.0,True,0.0,0.0,False,1.0,1.0,0.0,0.0,True,612.0,0.0
198.235.24.140,1.0,0.0,True,0.0,0.0,False,2.0,0.5,0.0,0.0,True,389.0,223.0
54.242.123.202,1.0,0.0,False,0.0,0.0,False,1.0,1.0,0.0,0.0,True,162.0,0.0
94.102.61.10,1.0,0.0,False,0.0,0.0,False,1.0,1.0,0.0,1.0,True,395.75,184.3242726826828
198.235.24.5,0.0,0.0,False,0.0,0.0,False,1.0,0.0,0.0,0.0,True,166.0,0.0
205.210.31.248,1.0,0.0,True,0.0,0.0,False,1.0,1.0,0.0,0.0,True,612.0,0.0
87.251.64.11,0.0,0.0,False,0.0,0.0,False,1.0,0.0,0.0,0.0,True,166.0,0.0
60.13.138.179,1.0,0.0,True,0.0,0.0,False,1.0,1.0,0.0,0.0,True,612.0,0.0
27.98.228.252,1.0,0.0,False,0.0,0.0,False,1.0,1.0,0.0,1.0,True,612.0,0.0
220.173.208.245,1.0,0.0,False,0.0,0.0,False,1.0,1.0,0.0,1.0,True,564.0,0.0
149.129.50.37,1.0,0.0,False,0.0,0.0,False,2.0,0.3333333333333333,0.0,0.0,True,164.66666666666666,1.8856180831641267
180.247.86.42,1.0,0.0,False,0.0,0.0,False,1.0,1.0,0.0,1.0,True,612.0,0.0
167.94.138.33,1.0,0.0,False,0.0,0.0,False,3.0,0.38461538461538464,0.0,0.0,True,1640.923076923077,4022.9077019859938
92.118.39.40,1.0,0.0,False,0.0,0.0,False,1.0,1.0,0.0,0.0,True,612.0,0.0
184.105.247.194,0.0,0.0,False,0.0,0.0,False,1.0,0.0,0.0,0.0,True,166.0,0.0
107.170.238.45,1.0,0.0,False,0.0,0.0,False,1.0,1.0,0.0,0.0,True,396.0,0.0
162.216.150.11,1.0,0.0,False,0.0,0.0,False,1.0,1.0,0.0,0.0,True,612.0,0.0
121.29.178.42,1.0,0.0,True,0.0,0.0,False,1.0,1.0,0.0,0.0,True,612.0,0.0
58.18.161.10,1.0,0.0,False,0.0,0.0,False,1.0,1.0,0.0,1.0,True,612.0,0.0
124.235.138.129,1.0,0.0,False,0.0,0.0,False,1.0,1.0,0.0,1.0,True,564.0,0.0
165.22.114.52,0.0,0.0,False,0.0,0.0,False,1.0,0.0,0.0,0.0,True,166.0,0.0
180.149.125.170,1.0,0.0,False,0.0,0.0,False,2.0,0.6666666666666666,0.0,1.0,True,259.0,97.01889850264568
106.240.19.114,1.0,0.0,False,0.0,0.0,False,6.0,0.34814814814814815,0.0,6.0,True,855491.0185185185,4004058.3948515127
192.241.201.6,0.0,0.0,False,0.0,0.0,False,1.0,0.0,0.0,0.0,True,166.0,0.0
129.146.166.93,2.0,0.5,False,0.0,0.0,False,2.0,0.5,0.0,0.0,True,150.0,16.0
45.79.181.104,0.0,0.0,False,0.0,0.0,False,1.0,0.0,0.0,0.0,True,166.0,0.0
35.203.211.247,1.0,0.0,False,0.0,0.0,False,1.0,1.0,0.0,0.0,True,612.0,0.0
141.98.11.60,1.0,0.0,False,0.0,0.0,False,1.0,1.0,0.0,1.0,True,508.5,268.64381623257214
185.36.81.33,1.0,0.0,False,0.0,0.0,False,1.0,1.0,0.0,1.0,True,450.3636363636364,250.76220997274137
87.236.176.11,1.0,0.0,False,0.0,0.0,False,1.0,1.0,0.0,0.0,True,396.0,0.0
167.86.103.209,1.0,0.0,True,0.0,0.0,False,1.0,0.025,0.0,0.0,True,162.0,0.0
102.68.111.27,1.0,0.0,False,0.0,0.0,False,1.0,1.0,0.0,0.0,True,134.0,0.0
64.62.197.221,1.0,0.0,False,0.0,0.0,False,1.0,1.0,0.0,1.0,True,396.0,0.0
64.62.197.220,1.0,0.0,False,0.0,0.0,False,1.0,1.0,0.0,0.0,True,134.0,0.0
64.62.197.216,1.0,0.0,False,0.0,0.0,False,1.0,0.6666666666666666,0.0,2.0,True,188.33333333333334,6.128258770283411
91.243.167.9,1.0,0.0,False,0.0,0.0,False,1.0,1.0,0.0,0.0,True,612.0,0.0
110.177.179.121,1.0,0.0,True,0.0,0.0,False,1.0,1.0,0.0,0.0,True,612.0,0.0
119.164.111.130,1.0,0.0,False,0.0,0.0,False,1.0,1.0,0.0,1.0,True,612.0,0.0
110.53.240.27,1.0,0.0,False,0.0,0.0,False,1.0,1.0,0.0,1.0,True,564.0,0.0
185.142.236.40,1.0,0.0,False,0.0,0.0,False,2.0,0.2,0.0,2.0,True,259.0,177.0197729068705
15.204.52.61,1.0,0.0,False,0.0,0.0,False,1.0,1.0,0.0,0.0,True,471.0,141.0
151.246.18.158,1.0,0.0,False,0.0,0.0,False,1.0,1.0,0.0,1.0,True,612.0,0.0
128.1.248.42,1.0,0.0,False,0.0,0.0,False,1.0,1.0,0.0,1.0,True,396.0,0.0
45.92.1.155,2.0,0.5,False,0.0,0.0,False,2.0,0.5,0.0,0.0,True,150.0,16.0
34.140.130.61,1.0,0.0,False,0.0,0.0,False,1.0,1.0,0.0,0.0,True,345.6666666666667,71.18208263944578
198.235.24.209,1.0,0.0,False,0.0,0.0,False,1.0,1.0,0.0,0.0,True,612.0,0.0
124.31.104.17,1.0,0.0,True,0.0,0.0,False,1.0,1.0,0.0,0.0,True,612.0,0.0
115.227.96.124,1.0,0.0,False,0.0,0.0,False,1.0,1.0,0.0,1.0,True,612.0,0.0
123.160.173.163,1.0,0.0,False,0.0,0.0,False,1.0,1.0,0.0,1.0,True,564.0,0.0
15.222.21.47,2.0,0.019230769230769232,False,0.0,0.0,False,3.0,0.038461538461538464,0.0,1.0,True,207.96153846153845,57.34409014498541
170.81.236.2,1.0,0.0,False,0.0,0.0,False,1.0,1.0,0.0,1.0,True,612.0,0.0
34.22.234.71,1.0,0.0,False,0.0,0.0,False,1.0,1.0,0.0,1.0,True,197.0,0.0
205.210.31.150,1.0,0.0,False,0.0,0.0,False,1.0,1.0,0.0,0.0,True,612.0,0.0
185.180.143.8,1.0,0.0,False,0.0,0.0,False,1.0,1.0,0.0,1.0,True,696.6666666666666,212.6034388767553
34.67.136.168,1.0,0.0,False,0.0,0.0,False,1.0,1.0,0.0,0.0,True,396.0,0.0
45.79.168.172,1.0,0.0,False,0.0,0.0,False,1.0,1.0,0.0,0.0,True,508.75,195.2887285533909
44.211.25.78,2.0,0.3225806451612903,False,0.0,0.0,False,2.0,0.03225806451612903,0.0,0.0,True,136.11290322580646,23.433230360316657
18.212.66.150,1.0,0.0,False,0.0,0.0,False,1.0,1.0,0.0,0.0,True,396.0,0.0
172.104.11.51,0.0,0.0,False,0.0,0.0,False,1.0,0.0,0.0,0.0,True,166.0,0.0
180.149.125.165,1.0,0.0,False,0.0,0.0,False,1.0,1.0,0.0,1.0,True,197.0,0.0
172.104.11.4,1.0,0.0,False,0.0,0.0,False,2.0,0.16666666666666666,0.0,1.0,True,204.33333333333334,85.71593913749194
207.90.244.10,1.0,0.0,False,0.0,0.0,False,2.0,0.2,0.0,2.0,True,259.0,177.0197729068705
221.14.169.83,1.0,0.0,True,0.0,0.0,False,1.0,1.0,0.0,0.0,True,612.0,0.0
220.173.208.97,1.0,0.0,False,0.0,0.0,False,1.0,1.0,0.0,1.0,True,612.0,0.0
222.94.140.130,1.0,0.0,False,0.0,0.0,False,1.0,1.0,0.0,1.0,True,564.0,0.0
13.215.141.253,2.0,0.0018281535648994515,False,0.0,0.0,False,3.0,0.003656307129798903,0.0,1.0,True,198.0420475319927,17.97052395148724
198.235.24.124,1.0,0.0,True,0.0,0.0,False,2.0,0.5,0.0,0.0,True,1353.5,1187.5
91.233.145.131,1.0,0.0,False,0.0,0.0,False,1.0,1.0,0.0,0.0,True,162.0,0.0
54.167.19.118,1.0,0.0,False,0.0,0.0,False,1.0,1.0,0.0,0.0,True,134.0,0.0
205.210.31.18,0.0,0.0,False,0.0,0.0,False,1.0,0.0,0.0,0.0,True,166.0,0.0
103.43.18.241,1.0,0.0,False,0.0,0.0,False,2.0,0.6666666666666666,0.0,0.0,True,221.33333333333334,123.50798444725031
106.246.235.109,1.0,0.0,False,0.0,0.0,False,7.0,0.11454545454545455,0.0,4.0,True,1438684.1436363636,5117923.843089867
35.203.211.32,1.0,0.0,False,0.0,0.0,False,1.0,1.0,0.0,0.0,True,612.0,0.0
95.214.55.115,2.0,0.375,False,0.0,0.0,False,3.0,0.375,0.0,0.0,True,130.375,129.77281832109526
218.64.5.131,1.0,0.0,True,0.0,0.0,False,1.0,1.0,0.0,0.0,True,612.0,0.0
109.237.98.226,1.0,0.0,False,0.0,0.0,False,2.0,0.5,0.0,1.0,True,180.6875,14.998828079220056
198.235.24.82,1.0,0.0,True,0.0,0.0,False,1.0,1.0,0.0,0.0,True,612.0,0.0
45.79.181.223,0.0,0.0,False,0.0,0.0,False,1.0,0.0,0.0,0.0,True,166.0,0.0
192.241.193.6,1.0,0.0,False,0.0,0.0,False,2.0,0.5,0.0,0.0,True,265.0,131.0
198.235.24.142,1.0,0.0,True,0.0,0.0,False,1.0,1.0,0.0,0.0,True,612.0,0.0
168.232.15.102,1.0,0.0,False,0.0,0.0,False,1.0,1.0,0.0,1.0,True,612.0,0.0
65.49.20.67,1.0,0.0,False,0.0,0.0,False,2.0,0.3333333333333333,0.0,1.0,True,206.66666666666666,94.20839783279527
35.216.157.187,1.0,0.0,False,0.0,0.0,False,1.0,1.0,0.0,0.0,True,396.0,0.0
5.188.210.227,1.0,0.0,False,0.0,0.0,False,2.0,0.5,0.0,1.0,True,181.5,15.5
92.63.196.57,0.0,0.0,False,0.0,0.0,False,1.0,0.0,0.0,0.0,True,166.0,0.0
139.59.58.140,1.0,0.0,False,0.0,0.0,False,2.0,0.3333333333333333,0.0,0.0,True,221.33333333333334,123.50798444725031
43.155.118.219,1.0,0.0,False,0.0,0.0,False,3.0,1.0,0.0,1.0,True,0.0,0.0
167.94.146.53,1.0,0.0,False,0.0,0.0,False,3.0,0.4,0.0,0.0,True,2063.6,4501.184470780996
64.62.197.144,0.0,0.0,False,0.0,0.0,False,1.0,0.0,0.0,0.0,True,166.0,0.0
120.0.52.217,1.0,0.0,True,0.0,0.0,False,1.0,1.0,0.0,0.0,True,612.0,0.0
34.77.127.183,1.0,0.0,False,0.0,0.0,False,1.0,1.0,0.0,0.0,True,320.5,75.5
208.76.202.164,1.0,0.0,False,0.0,0.0,False,1.0,1.0,0.0,0.0,True,612.0,0.0
109.237.97.180,1.0,0.0,False,0.0,0.0,False,2.0,0.5833333333333334,0.0,1.0,True,180.83333333333334,13.464975141289923
111.33.20.64,1.0,0.0,False,0.0,0.0,False,1.0,1.0,0.0,1.0,True,564.0,0.0
198.199.110.12,0.0,0.0,False,0.0,0.0,False,1.0,0.0,0.0,0.0,True,166.0,0.0
198.199.96.19,1.0,0.0,False,0.0,0.0,False,1.0,1.0,0.0,0.0,True,134.0,0.0
171.116.200.7,1.0,0.0,False,0.0,0.0,False,1.0,1.0,0.0,1.0,True,612.0,0.0
111.224.249.222,1.0,0.0,False,0.0,0.0,False,1.0,1.0,0.0,1.0,True,564.0,0.0
175.152.29.226,1.0,0.0,True,0.0,0.0,False,1.0,1.0,0.0,0.0,True,612.0,0.0
49.124.206.2,1.0,0.0,False,0.0,0.0,False,1.0,1.0,0.0,1.0,True,612.0,0.0
34.76.96.55,1.0,0.0,False,0.0,0.0,False,1.0,1.0,0.0,0.0,True,396.0,0.0
119.48.135.58,1.0,0.0,False,0.0,0.0,False,1.0,1.0,0.0,1.0,True,612.0,0.0
171.34.176.187,1.0,0.0,False,0.0,0.0,False,1.0,1.0,0.0,1.0,True,564.0,0.0
1.224.49.15,1.0,0.0,False,0.0,0.0,False,1.0,1.0,0.0,0.0,True,162.0,0.0
51.20.5.161,1.0,0.0,False,0.0,0.0,False,1.0,1.0,0.0,1.0,True,396.0,0.0
192.241.233.29,1.0,0.0,False,0.0,0.0,False,1.0,1.0,0.0,0.0,True,134.0,0.0
174.138.7.4,1.0,0.0,False,0.0,0.0,False,1.0,1.0,0.0,0.0,True,134.0,0.0
185.180.143.141,1.0,0.0,False,0.0,0.0,False,2.0,0.26666666666666666,0.0,2.0,True,250.06666666666666,88.00111110409662
68.183.46.180,1.0,0.0,False,0.0,0.0,False,3.0,0.13333333333333333,0.0,1.0,True,208.93333333333334,76.54494685404707
36.32.2.206,1.0,0.0,True,0.0,0.0,False,1.0,1.0,0.0,0.0,True,612.0,0.0
35.88.101.182,2.0,0.0196078431372549,False,0.0,0.0,False,3.0,0.0392156862745098,0.0,1.0,True,208.1764705882353,57.88281125276868
139.178.82.141,1.0,0.0,False,0.0,0.0,False,1.0,1.0,0.0,2.0,True,197.0,0.0
45.8.22.14,2.0,0.5,False,0.0,0.0,False,2.0,0.5,0.0,0.0,True,150.0,16.0
134.209.40.141,1.0,0.0,True,0.0,0.0,False,2.0,0.6666666666666666,0.0,0.0,True,380.6666666666667,195.44365485280463
185.118.24.186,1.0,0.0,False,0.0,0.0,False,1.0,1.0,0.0,1.0,True,612.0,0.0
205.210.31.128,0.0,0.0,False,0.0,0.0,False,1.0,0.0,0.0,0.0,True,166.0,0.0
96.127.174.90,1.0,0.0,False,0.0,0.0,False,1.0,1.0,0.0,0.0,True,612.0,0.0
115.194.189.208,1.0,0.0,True,0.0,0.0,False,1.0,1.0,0.0,0.0,True,612.0,0.0
171.118.66.172,1.0,0.0,False,0.0,0.0,False,1.0,1.0,0.0,1.0,True,612.0,0.0
119.164.111.53,1.0,0.0,False,0.0,0.0,False,1.0,1.0,0.0,1.0,True,564.0,0.0
198.235.24.96,0.0,0.0,False,0.0,0.0,False,1.0,0.0,0.0,0.0,True,166.0,0.0
138.197.10.122,1.0,0.0,False,0.0,0.0,False,1.0,1.0,0.0,0.0,True,134.0,0.0
198.235.24.144,1.0,0.0,True,0.0,0.0,False,1.0,1.0,0.0,0.0,True,612.0,0.0
74.235.105.83,1.0,0.0,False,0.0,0.0,False,1.0,1.0,0.0,0.0,True,134.0,0.0
35.203.210.113,1.0,0.0,False,0.0,0.0,False,1.0,1.0,0.0,0.0,True,612.0,0.0
180.95.231.187,1.0,0.0,True,0.0,0.0,False,1.0,1.0,0.0,0.0,True,612.0,0.0
95.214.27.80,1.0,0.0,False,0.0,0.0,False,1.0,1.0,0.0,0.0,True,134.0,0.0
218.95.234.224,1.0,0.0,False,0.0,0.0,False,1.0,1.0,0.0,1.0,True,612.0,0.0
119.60.104.144,1.0,0.0,False,0.0,0.0,False,1.0,1.0,0.0,1.0,True,564.0,0.0
35.196.132.85,1.0,0.0,False,0.0,0.0,False,1.0,1.0,0.0,0.0,True,471.0,141.0
80.76.51.68,1.0,0.0,False,0.0,0.0,False,1.0,1.0,0.0,0.0,True,146.5,21.650635094610966
20.231.17.146,3.0,0.3333333333333333,False,0.0,0.0,False,3.0,0.6666666666666666,0.0,0.0,True,100.0,71.90734779330042
42.200.193.83,1.0,0.0,False,0.0,0.0,False,1.0,1.0,0.0,0.0,True,612.0,0.0
107.170.235.19,1.0,0.0,False,0.0,0.0,False,1.0,0.5,0.0,0.0,True,134.0,0.0
111.59.16.8,1.0,0.0,False,0.0,0.0,False,1.0,1.0,0.0,1.0,True,612.0,0.0
35.87.175.155,1.0,0.0,False,0.0,0.0,False,1.0,1.0,0.0,0.0,True,162.0,0.0
213.226.123.98,0.0,0.0,False,0.0,0.0,False,1.0,0.0,0.0,0.0,True,166.0,0.0
167.94.138.50,1.0,0.0,False,0.0,0.0,False,3.0,0.5,0.0,0.0,True,327.0,193.1035991378721
64.62.197.139,0.0,0.0,False,0.0,0.0,False,1.0,0.0,0.0,0.0,True,166.0,0.0
95.214.27.197,1.0,0.5,False,0.0,0.0,False,2.0,0.5,0.0,0.0,True,67.0,67.0
162.243.146.55,1.0,0.0,False,0.0,0.0,False,1.0,1.0,0.0,0.0,True,134.0,0.0
217.160.210.107,1.0,0.0,False,0.0,0.0,False,3.0,0.16666666666666666,0.05555555555555555,1.0,True,540.6666666666666,132.33123424027886
121.91.168.96,1.0,0.0,False,0.0,0.0,False,1.0,1.0,0.0,1.0,True,396.0,0.0
178.128.164.27,0.0,0.0,False,0.0,0.0,False,1.0,0.0,0.0,0.0,True,166.0,0.0
54.209.112.0,2.0,0.43661971830985913,False,0.0,0.0,False,2.0,0.028169014084507043,0.0,0.0,True,137.69014084507043,30.87393337351095
162.216.149.227,1.0,0.0,False,0.0,0.0,False,1.0,1.0,0.0,0.0,True,612.0,0.0
13.59.202.172,1.0,0.0,False,0.0,0.0,False,1.0,1.0,0.0,3.0,True,396.0,0.0
185.225.74.92,1.0,0.0,False,0.0,0.0,False,1.0,1.0,0.0,0.0,True,134.0,0.0
119.48.134.210,1.0,0.0,True,0.0,0.0,False,1.0,1.0,0.0,0.0,True,612.0,0.0
35.203.211.170,1.0,0.0,False,0.0,0.0,False,1.0,1.0,0.0,0.0,True,612.0,0.0
216.250.250.148,2.0,0.4305555555555556,False,0.0,0.0,False,2.0,0.027777777777777776,0.0,0.0,True,141.27777777777777,43.05591397700276
80.76.51.163,1.0,0.0,False,0.0,0.0,False,1.0,1.0,0.0,0.0,True,396.0,0.0
172.200.103.29,2.0,0.25,False,0.0,0.0,False,2.0,0.25,0.0,2.0,True,289.75,160.64771240201338
5.42.72.201,1.0,0.0,False,0.0,0.0,False,1.0,0.3333333333333333,0.0,0.0,True,166.0,0.0
172.104.11.46,1.0,0.0,False,0.0,0.0,False,2.0,0.25,0.0,1.0,True,223.5,99.59292143521044
198.235.24.125,1.0,0.0,True,0.0,0.0,False,1.0,1.0,0.0,0.0,True,612.0,0.0
119.196.154.6,1.0,0.0,False,0.0,0.0,False,1.0,1.0,0.0,0.0,True,134.0,0.0
167.71.144.249,1.0,0.0,False,0.0,0.0,False,3.0,0.13333333333333333,0.0,1.0,True,208.93333333333334,76.54494685404707
107.170.232.57,1.0,0.0,False,0.0,0.0,False,1.0,1.0,0.0,0.0,True,396.0,0.0
103.94.5.202,1.0,0.0,False,0.0,0.0,False,1.0,1.0,0.0,1.0,True,612.0,0.0
167.94.138.35,1.0,0.0,False,0.0,0.0,False,3.0,0.5,0.0,0.0,True,327.0,193.1035991378721
202.142.100.240,1.0,0.0,False,0.0,0.0,False,1.0,1.0,0.0,1.0,True,612.0,0.0
89.190.156.152,1.0,0.0,True,0.0,0.0,False,1.0,1.0,0.0,0.0,True,0.0,0.0
138.68.224.69,1.0,0.0,False,0.0,0.0,False,1.0,1.0,0.0,1.0,True,197.0,0.0
185.170.144.3,0.0,0.0,False,0.0,0.0,False,1.0,0.0,0.0,0.0,True,166.0,0.0
138.197.24.55,1.0,0.0,False,0.0,0.0,False,3.0,0.13333333333333333,0.0,1.0,True,208.93333333333334,76.54494685404707
107.170.247.39,1.0,0.0,False,0.0,0.0,False,1.0,1.0,0.0,0.0,True,134.0,0.0
222.173.246.158,1.0,0.0,True,0.0,0.0,False,1.0,1.0,0.0,0.0,True,162.0,0.0
198.235.24.22,0.0,0.0,False,0.0,0.0,False,1.0,0.0,0.0,0.0,True,166.0,0.0
192.241.210.35,0.0,0.0,False,0.0,0.0,False,1.0,0.0,0.0,0.0,True,166.0,0.0
87.236.176.156,1.0,0.0,False,0.0,0.0,False,1.0,1.0,0.0,0.0,True,396.0,0.0
112.193.193.236,1.0,0.0,False,0.0,0.0,False,1.0,1.0,0.0,1.0,True,612.0,0.0
125.84.236.152,1.0,0.0,False,0.0,0.0,False,1.0,1.0,0.0,1.0,True,564.0,0.0
120.37.249.131,1.0,0.0,False,0.0,0.0,False,1.0,1.0,0.0,1.0,True,197.0,0.0
205.210.31.32,1.0,0.0,True,0.0,0.0,False,1.0,1.0,0.0,0.0,True,612.0,0.0
179.43.162.94,1.0,0.0,False,0.0,0.0,False,1.0,1.0,0.0,0.0,True,396.0,0.0
180.244.166.1,1.0,0.0,False,0.0,0.0,False,1.0,1.0,0.0,1.0,True,612.0,0.0
176.58.121.227,1.0,0.0,False,0.0,0.0,False,2.0,0.25,0.0,0.0,True,223.5,99.59292143521044
184.105.247.254,1.0,0.0,False,0.0,0.0,False,2.0,0.3333333333333333,0.0,1.0,True,242.33333333333334,111.66119389574081
122.96.28.132,1.0,0.0,True,0.0,0.0,False,1.0,1.0,0.0,0.0,True,612.0,0.0
27.227.187.111,1.0,0.0,False,0.0,0.0,False,1.0,1.0,0.0,1.0,True,612.0,0.0
124.31.105.174,1.0,0.0,False,0.0,0.0,False,1.0,1.0,0.0,1.0,True,564.0,0.0
209.97.143.184,0.0,0.0,False,0.0,0.0,False,1.0,0.0,0.0,0.0,True,166.0,0.0
198.235.24.168,1.0,0.0,True,0.0,0.0,False,1.0,1.0,0.0,0.0,True,612.0,0.0
2.58.95.67,1.0,0.0,False,0.0,0.0,False,1.0,1.0,0.0,0.0,True,166.0,0.0
103.252.136.161,2.0,0.5,False,0.0,0.0,False,2.0,0.5,0.0,1.0,True,382.5,185.5
35.203.211.185,1.0,0.0,False,0.0,0.0,False,1.0,1.0,0.0,0.0,True,612.0,0.0
103.80.134.149,1.0,0.0,False,0.0,0.0,False,1.0,1.0,0.0,0.0,True,612.0,0.0
103.80.134.225,1.0,0.0,False,0.0,0.0,False,2.0,0.3333333333333333,0.0,0.0,True,196.33333333333334,107.88522708055177
49.170.14.74,2.0,0.056338028169014086,False,0.0,0.0,False,7.0,0.15492957746478872,0.0,2.0,True,2482607.107981221,7614167.101923794
79.110.48.9,1.0,0.0,False,0.0,0.0,False,1.0,1.0,0.0,1.0,True,197.0,0.0
139.59.115.164,1.0,0.0,False,0.0,0.0,False,3.0,0.13333333333333333,0.0,1.0,True,208.93333333333334,76.54494685404707
64.62.197.131,0.0,0.0,False,0.0,0.0,False,1.0,0.0,0.0,0.0,True,166.0,0.0
35.216.216.224,1.0,0.0,False,0.0,0.0,False,3.0,0.2222222222222222,0.0,0.0,True,194.22222222222223,148.28334571786527
100.24.5.218,1.0,0.0,False,0.0,0.0,False,1.0,1.0,0.0,0.0,True,396.0,0.0
201.222.118.139,1.0,0.0,False,0.0,0.0,False,1.0,1.0,0.0,1.0,True,612.0,0.0
205.210.31.175,0.0,0.0,False,0.0,0.0,False,1.0,0.0,0.0,0.0,True,166.0,0.0
35.233.62.116,1.0,0.0,False,0.0,0.0,False,1.0,1.0,0.0,0.0,True,656.5,260.5
92.63.196.78,0.0,0.0,False,0.0,0.0,False,1.0,0.0,0.0,0.0,True,166.0,0.0
167.94.146.57,1.0,0.0,False,0.0,0.0,False,3.0,0.5,0.0,0.0,True,272.875,156.37410071683865
77.87.236.206,1.0,0.0,False,0.0,0.0,False,1.0,1.0,0.0,1.0,True,612.0,0.0
47.254.74.59,1.0,0.0,False,0.0,0.0,False,1.0,1.0,0.0,1.0,True,396.0,0.0
47.89.193.239,1.0,0.0,False,0.0,0.0,False,1.0,1.0,0.0,1.0,True,197.0,0.0
47.251.14.232,1.0,0.0,False,0.0,0.0,False,1.0,1.0,0.0,1.0,True,197.0,0.0
185.180.143.71,1.0,0.0,False,0.0,0.0,False,1.0,1.0,0.0,1.0,True,396.0,0.0
159.89.136.33,1.0,0.0,True,0.0,0.0,False,1.0,1.0,0.0,0.0,True,504.0,108.0
198.199.102.40,1.0,0.0,False,0.0,0.0,False,1.0,1.0,0.0,0.0,True,396.0,0.0
176.108.63.40,1.0,0.0,False,0.0,0.0,False,1.0,1.0,0.0,1.0,True,612.0,0.0
16.171.29.80,1.0,0.0,False,0.0,0.0,False,1.0,1.0,0.0,4.0,True,396.0,0.0
198.235.24.155,0.0,0.0,False,0.0,0.0,False,1.0,0.0,0.0,0.0,True,166.0,0.0
52.42.121.40,2.0,0.32142857142857145,False,0.0,0.0,False,2.0,0.07142857142857142,0.0,0.0,True,143.35714285714286,48.62114052675491
194.180.49.165,1.0,0.5,False,0.0,0.0,False,2.0,0.5,0.0,0.0,True,67.0,67.0
72.18.80.251,0.0,0.0,False,0.0,0.0,False,1.0,0.0,0.0,0.0,True,166.0,0.0
205.210.31.31,1.0,0.0,False,0.0,0.0,False,1.0,1.0,0.0,0.0,True,612.0,0.0
198.199.111.202,0.0,0.0,False,0.0,0.0,False,1.0,0.0,0.0,0.0,True,166.0,0.0
198.199.109.64,1.0,0.0,False,0.0,0.0,False,1.0,1.0,0.0,0.0,True,134.0,0.0
198.235.24.143,0.0,0.0,False,0.0,0.0,False,1.0,0.0,0.0,0.0,True,166.0,0.0
139.59.12.179,1.0,0.0,False,0.0,0.0,False,1.0,1.0,0.0,0.0,True,162.0,0.0
35.203.211.179,1.0,0.0,False,0.0,0.0,False,1.0,1.0,0.0,0.0,True,612.0,0.0
146.235.214.183,2.0,0.5,False,0.0,0.0,False,2.0,0.5,0.0,0.0,True,150.0,16.0
198.235.24.161,1.0,0.0,True,0.0,0.0,False,1.0,1.0,0.0,0.0,True,612.0,0.0
165.227.236.254,0.0,0.0,False,0.0,0.0,False,1.0,0.0,0.0,0.0,True,166.0,0.0
50.3.85.30,1.0,0.0,False,0.0,0.0,False,2.0,0.3333333333333333,0.0,0.0,True,242.66666666666666,108.42303978193728
138.255.149.58,1.0,0.0,False,0.0,0.0,False,1.0,1.0,0.0,1.0,True,612.0,0.0
43.245.87.52,1.0,0.0,False,0.0,0.0,False,1.0,1.0,0.0,1.0,True,612.0,0.0
35.203.211.151,1.0,0.0,False,0.0,0.0,False,1.0,1.0,0.0,0.0,True,612.0,0.0
142.163.137.201,1.0,0.0,False,0.0,0.0,False,1.0,1.0,0.0,0.0,True,612.0,0.0
64.66.18.27,1.0,0.0,False,0.0,0.0,False,1.0,1.0,0.0,1.0,True,612.0,0.0
171.67.70.84,1.0,0.0,False,0.0,0.0,False,1.0,1.0,0.0,0.0,True,396.0,0.0
198.235.24.89,1.0,0.0,True,0.0,0.0,False,1.0,1.0,0.0,0.0,True,612.0,0.0
65.49.1.42,0.0,0.0,False,0.0,0.0,False,1.0,0.0,0.0,0.0,True,166.0,0.0
216.218.206.66,1.0,0.0,False,0.0,0.0,False,2.0,0.3333333333333333,0.0,1.0,True,242.33333333333334,111.6611938957408
93.95.27.177,2.0,0.25,False,0.0,0.0,False,2.0,0.25,0.0,0.0,True,142.0,13.856406460551018
52.200.22.20,3.0,0.05,False,0.0,0.0,False,3.0,0.1,0.0,0.0,True,128.9,30.380750484476177
170.130.204.114,1.0,0.0,False,0.0,0.0,False,2.0,0.3333333333333333,0.0,1.0,True,242.66666666666666,108.42303978193728
34.140.248.32,1.0,0.0,False,0.0,0.0,False,1.0,1.0,0.0,0.0,True,496.0,255.7355404840451
118.123.105.93,1.0,0.0,True,0.0,0.0,False,2.0,0.25,0.0,1.0,True,300.75,179.70027128527101
168.232.15.99,1.0,0.0,False,0.0,0.0,False,1.0,1.0,0.0,1.0,True,612.0,0.0
14.225.245.150,1.0,1.0,False,0.0,0.0,False,1.0,1.0,0.0,0.0,True,166.0,0.0
205.210.31.218,1.0,0.0,True,0.0,0.0,False,1.0,1.0,0.0,0.0,True,612.0,0.0
192.241.195.83,1.0,0.0,False,0.0,0.0,False,1.0,1.0,0.0,0.0,True,134.0,0.0
95.214.52.232,0.0,0.0,False,0.0,0.0,False,1.0,0.0,0.0,0.0,True,166.0,0.0
212.111.41.122,1.0,0.0,True,0.0,0.0,False,1.0,1.0,0.0,0.0,True,612.0,0.0
206.189.17.166,1.0,0.0,True,0.0,0.0,False,2.0,0.07692307692307693,0.0,0.0,True,200.30769230769232,118.84533233472602
192.35.222.19,1.0,0.0,False,0.0,0.0,False,2.0,0.16666666666666666,0.0,0.0,True,181.5,114.53056360640159
104.152.52.100,1.0,0.0,True,0.0,0.0,False,1.0,1.0,0.0,0.0,True,612.0,0.0
38.68.52.222,2.0,0.5,False,0.0,0.0,False,2.0,0.5,0.0,1.0,True,382.5,185.5
121.18.89.178,1.0,0.0,False,0.0,0.0,False,1.0,1.0,0.0,0.0,True,162.0,0.0
103.149.192.179,1.0,0.0,False,0.0,0.0,False,1.0,1.0,0.0,1.0,True,396.0,0.0
205.210.31.76,0.0,0.0,False,0.0,0.0,False,1.0,0.0,0.0,0.0,True,166.0,0.0
198.199.100.7,1.0,0.0,False,0.0,0.0,False,1.0,1.0,0.0,0.0,True,396.0,0.0
172.105.128.12,0.0,0.0,False,0.0,0.0,False,1.0,0.0,0.0,0.0,True,166.0,0.0
59.178.222.199,1.0,0.0,False,0.0,0.0,False,1.0,1.0,0.0,1.0,True,612.0,0.0
170.130.204.26,1.0,0.0,False,0.0,0.0,False,3.0,0.25,0.0,0.0,True,231.25,95.95669596229332
162.243.150.36,1.0,0.0,False,0.0,0.0,False,1.0,1.0,0.0,0.0,True,134.0,0.0
45.79.128.205,0.0,0.0,False,0.0,0.0,False,1.0,0.0,0.0,0.0,True,166.0,0.0
178.128.51.164,2.0,0.5,False,0.0,0.0,False,2.0,0.5,0.0,0.0,True,150.0,16.0
197.220.97.203,1.0,0.0,False,0.0,0.0,False,1.0,1.0,0.0,0.0,True,612.0,0.0
109.237.98.53,1.0,0.0,False,0.0,0.0,False,2.0,0.3333333333333333,0.0,1.0,True,242.33333333333334,111.66119389574081
198.235.24.139,1.0,0.0,True,0.0,0.0,False,1.0,1.0,0.0,0.0,True,471.0,141.0
52.91.249.136,2.0,0.32142857142857145,False,0.0,0.0,False,2.0,0.07142857142857142,0.0,0.0,True,143.35714285714286,48.62114052675491
51.159.164.227,2.0,0.0,False,0.0,0.0,False,2.0,0.75,0.0,1.0,True,247.25,164.2488584435216
192.241.218.21,1.0,0.0,False,0.0,0.0,False,1.0,1.0,0.0,0.0,True,134.0,0.0
34.221.208.248,1.0,0.0,False,0.0,0.0,False,1.0,1.0,0.0,0.0,True,162.0,0.0
209.159.153.74,2.0,0.375,False,0.0,0.0,False,3.0,0.25,0.0,0.0,True,157.375,190.4933971952834
86.104.194.191,1.0,0.0,False,0.0,0.0,False,1.0,1.0,0.0,0.0,True,166.0,0.0
35.203.210.7,1.0,0.0,False,0.0,0.0,False,1.0,1.0,0.0,0.0,True,612.0,0.0
107.170.224.33,1.0,0.0,False,0.0,0.0,False,1.0,1.0,0.0,0.0,True,134.0,0.0
162.216.150.115,1.0,0.0,False,0.0,0.0,False,1.0,1.0,0.0,0.0,True,612.0,0.0
64.62.197.176,0.0,0.0,False,0.0,0.0,False,1.0,0.0,0.0,0.0,True,166.0,0.0
221.163.212.177,1.0,0.0,False,0.0,0.0,False,1.0,1.0,0.0,1.0,True,612.0,0.0
198.199.116.114,0.0,0.0,False,0.0,0.0,False,1.0,0.0,0.0,0.0,True,166.0,0.0
184.105.247.196,1.0,0.0,False,0.0,0.0,False,2.0,0.3333333333333333,0.0,1.0,True,242.33333333333334,111.6611938957408
54.162.114.134,2.0,0.44,False,0.0,0.0,False,3.0,0.04,0.0,1.0,True,150.74666666666667,75.91751547275211
74.50.79.238,1.0,0.5,False,0.0,0.0,False,2.0,0.5,0.0,0.0,True,67.0,67.0
87.236.176.170,1.0,0.0,False,0.0,0.0,False,1.0,1.0,0.0,0.0,True,396.0,0.0
162.142.125.221,1.0,0.0,False,0.0,0.0,False,3.0,0.5,0.0,0.0,True,327.0,193.1035991378721
111.70.28.26,1.0,0.0,False,0.0,0.0,False,1.0,1.0,0.0,0.0,True,166.0,0.0
162.216.149.129,1.0,0.0,False,0.0,0.0,False,1.0,1.0,0.0,0.0,True,612.0,0.0
178.32.197.95,1.0,0.0,False,0.0,0.0,False,1.0,1.0,0.0,0.0,True,612.0,0.0
198.235.24.94,1.0,0.0,True,0.0,0.0,False,1.0,1.0,0.0,0.0,True,612.0,0.0
95.111.225.53,1.0,0.0,True,0.0,0.0,False,1.0,1.0,0.0,0.0,True,612.0,0.0
34.23.111.184,1.0,0.0,True,0.0,0.0,False,2.0,0.5,0.0,0.0,True,166.0,0.0
142.4.218.114,1.0,0.0,False,0.0,0.0,False,1.0,1.0,0.0,0.0,True,1576.5,964.5
44.195.35.121,1.0,0.0,False,0.0,0.0,False,1.0,1.0,0.0,1.0,True,396.0,0.0
3.235.6.110,1.0,0.0,False,0.0,0.0,False,1.0,1.0,0.0,0.0,True,396.0,0.0
91.224.92.40,1.0,0.0,False,0.0,0.0,False,1.0,1.0,0.0,0.0,True,612.0,0.0
204.232.72.25,1.0,0.0,False,0.0,0.0,False,1.0,1.0,0.0,1.0,True,612.0,0.0
167.94.145.51,1.0,0.0,False,0.0,0.0,False,3.0,0.5,0.0,0.0,True,327.0,193.1035991378721
5.196.102.65,1.0,0.0,False,0.0,0.0,False,1.0,1.0,0.0,0.0,True,162.0,0.0
59.52.178.24,0.0,0.0,False,0.0,0.0,False,1.0,0.0,0.0,0.0,True,166.0,0.0
5.196.102.74,1.0,0.0,False,0.0,0.0,False,1.0,0.5,0.0,0.0,True,184.5,22.5
162.216.149.149,1.0,0.0,False,0.0,0.0,False,1.0,1.0,0.0,0.0,True,612.0,0.0
205.210.31.66,0.0,0.0,False,0.0,0.0,False,1.0,0.0,0.0,0.0,True,166.0,0.0
192.241.219.48,1.0,0.0,False,0.0,0.0,False,1.0,1.0,0.0,0.0,True,396.0,0.0
198.235.24.153,0.0,0.0,False,0.0,0.0,False,1.0,0.0,0.0,0.0,True,166.0,0.0
45.79.172.21,0.0,0.0,False,0.0,0.0,False,1.0,0.0,0.0,0.0,True,166.0,0.0
198.235.24.2,1.0,0.0,True,0.0,0.0,False,1.0,1.0,0.0,0.0,True,612.0,0.0
94.242.61.242,1.0,0.0,False,0.0,0.0,False,3.0,0.125,0.0,0.0,True,169.875,114.82697581578991
94.183.253.28,1.0,0.0,False,0.0,0.0,False,1.0,1.0,0.0,1.0,True,612.0,0.0
207.90.244.6,1.0,0.0,False,0.0,0.0,False,2.0,0.2,0.0,2.0,True,259.0,177.0197729068705
161.35.157.58,1.0,0.0,False,0.0,0.0,False,1.0,1.0,0.0,0.0,True,612.0,0.0
115.192.4.190,1.0,0.0,False,0.0,0.0,False,2.0,0.5,0.0,1.0,True,296.5,99.5
192.155.90.118,1.0,0.0,False,0.0,0.0,False,2.0,0.4,0.0,1.0,True,348.2,264.830813917112
92.63.196.176,0.0,0.0,False,0.0,0.0,False,1.0,0.0,0.0,0.0,True,166.0,0.0
205.210.31.27,1.0,0.0,False,0.0,0.0,False,1.0,1.0,0.0,0.0,True,612.0,0.0
64.62.197.135,0.0,0.0,False,0.0,0.0,False,1.0,0.0,0.0,0.0,True,166.0,0.0
125.143.98.175,1.0,0.0,False,0.0,0.0,False,3.0,0.96,0.0,1.0,True,23.72,85.21949072835392
205.185.127.161,1.0,0.0,False,0.0,0.0,False,1.0,1.0,0.0,0.0,True,612.0,0.0
117.235.88.105,1.0,0.0,False,0.0,0.0,False,1.0,1.0,0.0,1.0,True,612.0,0.0
122.96.31.136,1.0,0.0,True,0.0,0.0,False,1.0,1.0,0.0,0.0,True,162.0,0.0
71.6.232.24,1.0,0.0,False,0.0,0.0,False,1.0,1.0,0.0,1.0,True,320.5,75.5
184.105.139.68,1.0,0.0,False,0.0,0.0,False,2.0,0.3333333333333333,0.0,1.0,True,242.33333333333334,111.66119389574081
5.181.80.137,1.0,0.0,False,0.0,0.0,False,1.0,0.16666666666666666,0.0,0.0,True,134.0,0.0
138.68.248.134,1.0,0.0,False,0.0,0.0,False,3.0,0.13333333333333333,0.0,1.0,True,208.93333333333334,76.54494685404707
66.240.236.109,1.0,0.0,False,0.0,0.0,False,1.0,1.0,0.0,0.0,True,396.0,0.0
102.68.111.1,1.0,0.0,False,0.0,0.0,False,1.0,1.0,0.0,0.0,True,134.0,0.0
35.187.98.121,1.0,0.0,False,0.0,0.0,False,1.0,1.0,0.0,0.0,True,696.6666666666666,212.6034388767553
34.88.83.128,1.0,0.0,True,0.0,0.0,False,2.0,0.5,0.0,0.0,True,166.0,0.0
194.180.48.238,1.0,0.5,False,0.0,0.0,False,2.0,0.5,0.0,0.0,True,67.0,67.0
68.183.44.123,0.0,0.0,False,0.0,0.0,False,1.0,0.0,0.0,0.0,True,166.0,0.0
185.180.143.6,1.0,0.0,False,0.0,0.0,False,1.0,1.0,0.0,1.0,True,396.0,0.0
103.80.134.251,1.0,0.0,False,0.0,0.0,False,1.0,1.0,0.0,0.0,True,612.0,0.0
91.204.226.7,1.0,0.0,False,0.0,0.0,False,2.0,0.3333333333333333,0.0,0.0,True,212.0,141.4213562373095
165.232.134.254,1.0,0.0,False,0.0,0.0,False,1.0,1.0,0.0,1.0,True,396.0,0.0
92.38.45.250,1.0,0.0,False,0.0,0.0,False,1.0,1.0,0.0,0.0,True,612.0,0.0
192.241.201.89,0.0,0.0,False,0.0,0.0,False,1.0,0.0,0.0,0.0,True,166.0,0.0
31.220.1.83,1.0,0.0,False,0.0,0.0,False,1.0,1.0,0.0,0.0,True,396.0,0.0
205.210.31.22,1.0,0.0,False,0.0,0.0,False,1.0,1.0,0.0,0.0,True,612.0,0.0
197.232.243.236,1.0,0.0,False,0.0,0.0,False,1.0,1.0,0.0,1.0,True,612.0,0.0
110.70.51.12,1.0,0.0,False,0.0,0.0,False,1.0,1.0,0.0,1.0,True,0.0,0.0
35.203.211.38,1.0,0.0,False,0.0,0.0,False,1.0,1.0,0.0,0.0,True,612.0,0.0
34.209.163.38,2.0,0.3229166666666667,False,0.0,0.0,False,1.0,0.020833333333333332,0.0,1.0,True,197.0,0.0
170.106.173.40,1.0,0.0,False,0.0,0.0,False,1.0,1.0,0.0,0.0,True,612.0,0.0
111.7.96.174,1.0,0.0,False,0.0,0.0,False,2.0,0.5,0.0,1.0,True,296.5,99.5
128.14.134.170,1.0,0.0,False,0.0,0.0,False,1.0,1.0,0.0,1.0,True,320.5,75.5
209.141.61.75,1.0,0.0,False,0.0,0.0,False,1.0,1.0,0.0,0.0,True,162.0,0.0
64.62.197.156,1.0,0.0,False,0.0,0.0,False,2.0,0.5,0.0,1.0,True,265.0,131.0
64.62.197.152,1.0,0.0,False,0.0,0.0,False,1.0,1.0,0.0,1.0,True,197.0,0.0
162.216.150.223,1.0,0.0,False,0.0,0.0,False,1.0,1.0,0.0,0.0,True,612.0,0.0
201.34.237.172,1.0,0.0,False,0.0,0.0,False,1.0,1.0,0.0,1.0,True,612.0,0.0
162.243.143.42,1.0,0.0,False,0.0,0.0,False,1.0,1.0,0.0,0.0,True,396.0,0.0
167.172.50.61,0.0,0.0,False,0.0,0.0,False,1.0,0.0,0.0,0.0,True,166.0,0.0
64.62.197.122,1.0,0.0,False,0.0,0.0,False,2.0,0.5,0.0,1.0,True,181.5,15.5
146.19.215.41,2.0,0.5,False,0.0,0.0,False,2.0,0.5,0.0,0.0,True,150.0,16.0
167.94.146.58,1.0,0.0,False,0.0,0.0,False,3.0,0.5,0.0,0.0,True,327.0,193.1035991378721
178.128.84.187,1.0,0.0,False,0.0,0.0,False,2.0,0.3333333333333333,0.0,0.0,True,221.33333333333334,123.50798444725031
35.203.210.82,1.0,0.0,False,0.0,0.0,False,1.0,1.0,0.0,0.0,True,612.0,0.0
45.88.90.111,1.0,0.5,False,0.0,0.0,False,2.0,0.5,0.0,0.0,True,67.0,67.0
162.243.146.4,1.0,0.0,False,0.0,0.0,False,1.0,1.0,0.0,0.0,True,134.0,0.0
179.43.163.130,1.0,0.0,False,0.0,0.0,False,1.0,1.0,0.0,0.0,True,612.0,0.0
35.203.210.76,1.0,0.0,False,0.0,0.0,False,1.0,1.0,0.0,0.0,True,612.0,0.0
89.248.165.83,0.0,0.0,False,0.0,0.0,False,1.0,0.0,0.0,0.0,True,166.0,0.0
188.165.198.202,1.0,0.5,False,0.0,0.0,False,2.0,0.5,0.0,0.0,True,67.0,67.0
52.91.45.196,1.0,0.0,False,0.0,0.0,False,1.0,1.0,0.0,0.0,True,134.0,0.0
193.35.18.187,1.0,0.0,False,0.0,0.0,False,1.0,1.0,0.0,0.0,True,166.0,0.0
101.36.106.49,1.0,0.0,False,0.0,0.0,False,3.0,0.2,0.0,0.0,True,273.8,169.52569126831483
45.79.181.179,1.0,0.0,False,0.0,0.0,False,2.0,0.3333333333333333,0.0,1.0,True,242.66666666666666,108.42303978193728
119.203.143.174,1.0,0.0,True,0.0,0.0,False,1.0,0.037037037037037035,0.0,0.0,True,162.0,0.0
45.33.80.243,1.0,0.0,False,0.0,0.0,False,2.0,0.2222222222222222,0.0,1.0,True,200.33333333333334,73.43326524433218
172.105.128.13,1.0,0.0,False,0.0,0.0,False,2.0,0.6666666666666666,0.0,1.0,True,319.3333333333333,108.42303978193729
185.180.143.48,1.0,0.0,False,0.0,0.0,False,2.0,0.6666666666666666,0.0,1.0,True,475.6666666666667,276.4686038031966
165.232.155.201,1.0,0.5,False,0.0,0.0,False,2.0,0.5,0.0,0.0,True,67.0,67.0
85.96.197.151,1.0,0.0,False,0.0,0.0,False,1.0,1.0,0.0,0.0,True,396.0,0.0
201.219.70.79,1.0,0.0,False,0.0,0.0,False,1.0,1.0,0.0,0.0,True,197.0,0.0
78.90.65.252,1.0,0.0,False,0.0,0.0,False,1.0,1.0,0.0,0.0,True,197.0,0.0
61.238.93.39,1.0,0.0,False,0.0,0.0,False,1.0,1.0,0.0,0.0,True,197.0,0.0
103.112.53.72,1.0,0.0,False,0.0,0.0,False,1.0,1.0,0.0,0.0,True,197.0,0.0
201.219.77.73,1.0,0.0,False,0.0,0.0,False,1.0,1.0,0.0,0.0,True,197.0,0.0
42.200.199.158,1.0,0.0,False,0.0,0.0,False,1.0,1.0,0.0,0.0,True,197.0,0.0
116.49.68.233,1.0,0.0,False,0.0,0.0,False,1.0,1.0,0.0,0.0,True,197.0,0.0
5.50.8.185,1.0,0.0,False,0.0,0.0,False,1.0,0.0078125,0.0,1.0,True,197.0,0.0
2.59.254.222,2.0,0.5,False,0.0,0.0,False,2.0,0.5,0.0,1.0,True,382.5,185.5
34.222.56.201,2.0,0.32941176470588235,False,0.0,0.0,False,1.0,0.023529411764705882,0.0,1.0,True,197.0,0.0
20.84.87.83,2.0,0.5,False,0.0,0.0,False,2.0,0.5,0.0,1.0,True,382.5,185.5
162.216.149.252,1.0,0.0,False,0.0,0.0,False,1.0,1.0,0.0,0.0,True,612.0,0.0
34.222.99.12,2.0,0.009433962264150943,False,0.0,0.0,False,2.0,0.009433962264150943,0.0,1.0,True,200.5,35.864327680858594
185.180.143.7,1.0,0.0,False,0.0,0.0,False,2.0,0.5,0.0,1.0,True,296.5,99.5
192.241.226.54,1.0,0.0,False,0.0,0.0,False,1.0,1.0,0.0,0.0,True,396.0,0.0
205.210.31.159,1.0,0.0,False,0.0,0.0,False,1.0,1.0,0.0,0.0,True,612.0,0.0
107.170.229.18,0.0,0.0,False,0.0,0.0,False,1.0,0.0,0.0,0.0,True,166.0,0.0
172.105.77.209,1.0,0.0,True,0.0,0.0,False,1.0,1.0,0.0,0.0,True,162.0,0.0
64.62.197.146,0.0,0.0,False,0.0,0.0,False,1.0,0.0,0.0,0.0,True,166.0,0.0
201.150.148.82,1.0,0.0,False,0.0,0.0,False,1.0,1.0,0.0,1.0,True,612.0,0.0
180.149.125.172,1.0,0.0,False,0.0,0.0,False,1.0,1.0,0.0,1.0,True,197.0,0.0
205.210.31.139,0.0,0.0,False,0.0,0.0,False,1.0,0.0,0.0,0.0,True,166.0,0.0
138.197.40.97,1.0,0.0,True,0.0,0.0,False,2.0,0.6666666666666666,0.0,0.0,True,380.6666666666667,195.44365485280463
185.180.140.6,1.0,0.0,False,0.0,0.0,False,1.0,1.0,0.0,1.0,True,396.0,0.0
198.235.24.181,0.0,0.0,False,0.0,0.0,False,1.0,0.0,0.0,0.0,True,166.0,0.0
141.98.10.128,2.0,0.5,False,0.0,0.0,False,2.0,0.5,0.0,0.0,True,150.0,16.0
205.210.31.192,1.0,0.0,True,0.0,0.0,False,1.0,1.0,0.0,0.0,True,612.0,0.0
107.170.252.62,1.0,0.0,False,0.0,0.0,False,2.0,0.5,0.0,0.0,True,265.0,131.0
167.248.133.39,1.0,0.0,False,0.0,0.0,False,3.0,0.3333333333333333,0.0,0.0,True,2010.5555555555557,4741.69897144499
221.166.149.113,1.0,0.0,False,0.0,0.0,False,2.0,0.5,0.0,1.0,True,98.5,98.5
35.92.38.232,1.0,0.0,False,0.0,0.0,False,1.0,1.0,0.0,0.0,True,162.0,0.0
64.62.197.128,1.0,0.0,False,0.0,0.0,False,2.0,0.5,0.0,1.0,True,221.0,24.0
35.203.210.66,1.0,0.0,False,0.0,0.0,False,1.0,1.0,0.0,0.0,True,330.0,0.0
222.215.159.36,1.0,0.0,False,0.0,0.0,False,1.0,1.0,0.0,0.0,True,162.0,0.0
121.182.44.87,2.0,0.4,False,0.0,0.0,False,2.0,0.4,0.0,1.0,True,22841.0,45264.00381760323
27.0.238.114,1.0,0.0,True,0.0,0.0,False,1.0,1.0,0.0,0.0,True,362919.6666666667,13784.810996971348
211.231.103.105,1.0,0.0,True,0.0,0.0,False,2.0,0.5,0.0,0.0,True,171795.5,171629.5
64.62.197.26,0.0,0.0,False,0.0,0.0,False,1.0,0.0,0.0,0.0,True,166.0,0.0
27.0.238.116,1.0,0.0,True,0.0,0.0,False,1.0,1.0,0.0,0.0,True,343425.0,0.0
35.92.143.85,2.0,0.32558139534883723,False,0.0,0.0,False,1.0,0.023255813953488372,0.0,1.0,True,196.59302325581396,3.7521401861075705
162.216.150.221,1.0,0.0,False,0.0,0.0,False,1.0,1.0,0.0,0.0,True,330.0,0.0
64.62.197.87,1.0,0.0,False,0.0,0.0,False,1.0,1.0,0.0,1.0,True,245.0,0.0
64.62.197.85,1.0,0.0,False,0.0,0.0,False,1.0,1.0,0.0,0.0,True,134.0,0.0
64.62.197.88,1.0,0.0,False,0.0,0.0,False,1.0,1.0,0.0,1.0,True,197.0,0.0
52.167.144.67,1.0,0.0,False,0.0,0.0,False,1.0,1.0,0.0,1.0,True,197.0,0.0
207.46.13.92,1.0,0.0,False,0.0,0.0,False,1.0,1.0,0.0,1.0,True,245.0,0.0
162.243.134.63,0.0,0.0,False,0.0,0.0,False,1.0,0.0,0.0,0.0,True,166.0,0.0
168.232.12.246,1.0,0.0,False,0.0,0.0,False,1.0,1.0,0.0,1.0,True,330.0,0.0
104.131.128.33,1.0,0.0,False,0.0,0.0,False,1.0,1.0,0.0,0.0,True,134.0,0.0
27.0.238.181,1.0,0.0,True,0.0,0.0,False,1.0,1.0,0.0,0.0,True,343425.0,0.0
162.216.149.30,1.0,0.0,False,0.0,0.0,False,1.0,1.0,0.0,0.0,True,330.0,0.0
27.0.238.70,1.0,0.0,True,0.0,0.0,False,1.0,1.0,0.0,0.0,True,162.0,0.0
89.248.165.87,0.0,0.0,False,0.0,0.0,False,1.0,0.0,0.0,0.0,True,166.0,0.0
66.175.213.4,0.0,0.0,False,0.0,0.0,False,1.0,0.0,0.0,0.0,True,166.0,0.0
199.123.2.129,1.0,0.0,False,0.0,0.0,False,1.0,1.0,0.0,0.0,True,162.0,0.0
185.180.143.188,1.0,0.0,False,0.0,0.0,False,1.0,1.0,0.0,1.0,True,245.0,0.0
222.186.48.201,1.0,0.0,False,0.0,0.0,False,1.0,1.0,0.0,0.0,True,245.0,0.0
173.214.166.170,1.0,0.0,False,0.0,0.0,False,1.0,1.0,0.0,1.0,True,1185.111111111111,1081.793823490969
167.179.95.207,2.0,0.4444444444444444,False,0.0,0.0,False,3.0,0.06172839506172839,0.0,1.0,True,166.0493827160494,104.86592277226298
3.238.205.62,1.0,0.0,False,0.0,0.0,False,3.0,0.2222222222222222,0.0,1.0,True,195.44444444444446,21.61332465099101
192.241.234.19,1.0,0.0,False,0.0,0.0,False,1.0,1.0,0.0,0.0,True,134.0,0.0
198.235.24.246,0.0,0.0,False,0.0,0.0,False,1.0,0.0,0.0,0.0,True,166.0,0.0
35.173.224.176,1.0,0.0,False,0.0,0.0,False,3.0,0.2222222222222222,0.0,1.0,True,195.44444444444446,21.61332465099101
162.216.150.166,1.0,0.0,False,0.0,0.0,False,1.0,1.0,0.0,0.0,True,330.0,0.0
201.201.213.138,1.0,0.0,False,0.0,0.0,False,1.0,1.0,0.0,0.0,True,330.0,0.0
3.89.60.212,2.0,0.46296296296296297,False,0.0,0.0,False,1.0,0.07407407407407407,0.0,0.0,True,134.0,0.0
162.243.137.41,1.0,0.0,False,0.0,0.0,False,1.0,1.0,0.0,0.0,True,245.0,0.0
162.216.150.100,1.0,0.0,False,0.0,0.0,False,1.0,1.0,0.0,0.0,True,330.0,0.0
170.79.82.210,1.0,0.0,False,0.0,0.0,False,1.0,1.0,0.0,1.0,True,330.0,0.0
117.139.78.112,1.0,1.0,False,0.0,0.0,False,1.0,1.0,0.0,0.0,True,166.0,0.0
198.235.24.23,1.0,0.0,False,0.0,0.0,False,1.0,1.0,0.0,0.0,True,330.0,0.0
84.54.51.25,1.0,0.0,False,0.0,0.0,False,1.0,1.0,0.0,0.0,True,166.0,0.0
209.97.144.134,1.0,0.0,True,0.0,0.0,False,2.0,0.6666666666666666,0.0,0.0,True,236.33333333333334,80.25099514786233
167.94.146.56,1.0,0.0,False,0.0,0.0,False,3.0,0.5,0.0,0.0,True,218.75,75.8794273831847
171.38.4.169,1.0,0.0,False,0.0,0.0,False,1.0,1.0,0.0,0.0,True,564.0,0.0
1.202.112.21,1.0,0.0,True,0.0,0.0,False,1.0,1.0,0.0,0.0,True,330.0,0.0
60.13.138.74,1.0,0.0,False,0.0,0.0,False,1.0,1.0,0.0,1.0,True,330.0,0.0
110.177.176.14,1.0,0.0,False,0.0,0.0,False,1.0,1.0,0.0,1.0,True,564.0,0.0
180.149.125.173,1.0,0.0,False,0.0,0.0,False,1.0,1.0,0.0,1.0,True,197.0,0.0
34.204.201.168,1.0,0.0,False,0.0,0.0,False,1.0,1.0,0.0,0.0,True,134.0,0.0
107.170.250.29,0.0,0.0,False,0.0,0.0,False,1.0,0.0,0.0,0.0,True,166.0,0.0
54.191.110.232,2.0,0.011235955056179775,False,0.0,0.0,False,2.0,0.011235955056179775,0.0,1.0,True,201.1685393258427,39.10436509875264
198.199.94.8,1.0,0.0,False,0.0,0.0,False,1.0,1.0,0.0,0.0,True,134.0,0.0
167.248.133.186,1.0,0.0,False,0.0,0.0,False,3.0,0.5,0.0,0.0,True,218.75,75.8794273831847
120.63.180.123,1.0,1.0,False,0.0,0.0,False,1.0,1.0,0.0,0.0,True,166.0,0.0
198.235.24.35,1.0,0.0,True,0.0,0.0,False,1.0,1.0,0.0,0.0,True,330.0,0.0
65.49.1.37,0.0,0.0,False,0.0,0.0,False,1.0,0.0,0.0,0.0,True,166.0,0.0
64.62.197.92,1.0,0.0,False,0.0,0.0,False,1.0,1.0,0.0,1.0,True,245.0,0.0
64.62.197.96,1.0,0.0,False,0.0,0.0,False,1.0,0.5,0.0,1.0,True,165.5,31.5
211.231.103.92,1.0,0.0,True,0.0,0.0,False,2.0,0.5,0.0,0.0,True,1567.0,1405.0
61.240.63.92,1.0,0.0,False,0.0,0.0,False,1.0,1.0,0.0,0.0,True,162.0,0.0
198.235.24.29,1.0,0.0,True,0.0,0.0,False,1.0,1.0,0.0,0.0,True,330.0,0.0
124.235.238.159,1.0,0.0,False,0.0,0.0,False,1.0,1.0,0.0,0.0,True,162.0,0.0
34.22.132.101,1.0,0.0,False,0.0,0.0,False,1.0,1.0,0.0,1.0,True,197.0,0.0
171.118.8.177,1.0,0.0,False,0.0,0.0,False,1.0,1.0,0.0,0.0,True,162.0,0.0
18.191.113.202,2.0,0.32941176470588235,False,0.0,0.0,False,1.0,0.023529411764705882,0.0,1.0,True,197.0,0.0
121.9.242.17,1.0,0.0,False,0.0,0.0,False,1.0,1.0,0.0,1.0,True,1435.5,1105.5
61.181.143.98,1.0,0.0,False,0.0,0.0,False,1.0,1.0,0.0,0.0,True,162.0,0.0
80.76.51.95,1.0,0.0,False,0.0,0.0,False,1.0,1.0,0.0,0.0,True,245.0,0.0
205.210.31.9,1.0,0.0,False,0.0,0.0,False,1.0,1.0,0.0,0.0,True,330.0,0.0
152.89.76.212,0.0,0.0,False,0.0,0.0,False,1.0,0.0,0.0,0.0,True,166.0,0.0
18.223.113.110,1.0,0.0,False,0.0,0.0,False,2.0,1.0,0.0,13.0,True,451.0,318.33839437512614
35.195.93.98,1.0,0.0,False,0.0,0.0,False,1.0,1.0,0.0,0.0,True,245.0,0.0
167.248.133.126,1.0,0.0,False,0.0,0.0,False,3.0,0.5,0.0,0.0,True,218.75,75.8794273831847
23.83.132.30,1.0,0.0,False,0.0,0.0,False,1.0,1.0,0.0,1.0,True,197.0,0.0
198.235.24.56,1.0,0.0,True,0.0,0.0,False,1.0,1.0,0.0,0.0,True,330.0,0.0
31.58.31.84,1.0,0.0,False,0.0,0.0,False,1.0,1.0,0.0,2.0,True,330.0,0.0
152.32.139.190,1.0,0.0,False,0.0,0.0,False,3.0,0.2,0.0,0.0,True,217.4,57.56596216515451
104.152.52.132,1.0,0.0,True,0.0,0.0,False,1.0,1.0,0.0,0.0,True,330.0,0.0
43.139.90.116,1.0,0.0,False,0.0,0.0,False,1.0,1.0,0.0,1.0,True,330.0,0.0
107.170.238.46,1.0,0.0,False,0.0,0.0,False,1.0,1.0,0.0,0.0,True,245.0,0.0
146.190.210.168,1.0,0.0,False,0.0,0.0,False,3.0,0.13333333333333333,0.0,1.0,True,188.8,31.00580590792634
205.210.31.142,1.0,0.0,True,0.0,0.0,False,1.0,1.0,0.0,0.0,True,1435.5,1105.5
162.216.149.163,1.0,0.0,False,0.0,0.0,False,1.0,1.0,0.0,0.0,True,330.0,0.0
138.68.178.146,0.0,0.0,False,0.0,0.0,False,1.0,0.0,0.0,0.0,True,166.0,0.0
45.235.84.221,1.0,0.0,False,0.0,0.0,False,1.0,1.0,0.0,1.0,True,330.0,0.0
45.179.211.167,1.0,0.0,False,0.0,0.0,False,1.0,1.0,0.0,0.0,True,330.0,0.0
180.149.125.167,1.0,0.0,False,0.0,0.0,False,2.0,0.5,0.0,1.0,True,522.0,325.0
89.248.165.48,0.0,0.0,False,0.0,0.0,False,1.0,0.0,0.0,0.0,True,166.0,0.0
114.242.99.122,1.0,0.0,False,0.0,0.0,False,1.0,1.0,0.0,1.0,True,1435.5,1105.5
205.210.31.14,0.0,0.0,False,0.0,0.0,False,1.0,0.0,0.0,0.0,True,166.0,0.0
162.216.150.151,1.0,0.0,False,0.0,0.0,False,1.0,1.0,0.0,0.0,True,330.0,0.0
182.137.101.140,1.0,0.0,False,0.0,0.0,False,1.0,1.0,0.0,0.0,True,162.0,0.0
205.210.31.180,1.0,0.0,False,0.0,0.0,False,1.0,1.0,0.0,0.0,True,330.0,0.0
178.128.95.222,1.0,0.0,False,0.0,0.0,False,2.0,0.3333333333333333,0.0,0.0,True,171.0,52.32590180780452
64.62.197.232,1.0,0.0,False,0.0,0.0,False,2.0,0.5,0.0,0.0,True,189.5,55.5
64.62.197.238,1.0,0.0,False,0.0,0.0,False,1.0,1.0,0.0,0.0,True,134.0,0.0
198.199.102.74,0.0,0.0,False,0.0,0.0,False,1.0,0.0,0.0,0.0,True,166.0,0.0
193.35.18.31,1.0,0.5,False,0.0,0.0,False,2.0,0.5,0.0,0.0,True,67.0,67.0
178.34.177.78,1.0,0.0,False,0.0,0.0,False,1.0,1.0,0.0,1.0,True,330.0,0.0
35.92.223.53,2.0,0.015151515151515152,False,0.0,0.0,False,2.0,0.030303030303030304,0.0,1.0,True,202.0909090909091,45.58632412970366
191.96.166.199,2.0,0.4084507042253521,False,0.0,0.0,False,3.0,0.035211267605633804,0.0,8.0,True,333.82394366197184,188.7221035926834
179.24.208.53,1.0,0.0,False,0.0,0.0,False,1.0,1.0,0.0,1.0,True,330.0,0.0
52.25.199.217,2.0,0.32941176470588235,False,0.0,0.0,False,1.0,0.023529411764705882,0.0,1.0,True,197.0,0.0
205.210.31.224,0.0,0.0,False,0.0,0.0,False,1.0,0.0,0.0,0.0,True,166.0,0.0
18.236.151.127,1.0,0.0,False,0.0,0.0,False,1.0,1.0,0.0,2.0,True,245.0,0.0
185.142.236.43,1.0,0.0,False,0.0,0.0,False,2.0,0.2,0.0,2.0,True,1958.1,4536.683247704208
205.210.31.24,0.0,0.0,False,0.0,0.0,False,1.0,0.0,0.0,0.0,True,166.0,0.0
162.243.145.16,0.0,0.0,False,0.0,0.0,False,1.0,0.0,0.0,0.0,True,166.0,0.0
109.165.221.78,1.0,0.0,False,0.0,0.0,False,1.0,1.0,0.0,1.0,True,330.0,0.0
103.80.134.75,1.0,0.0,False,0.0,0.0,False,1.0,1.0,0.0,0.0,True,330.0,0.0
213.32.39.43,1.0,0.0,False,0.0,0.0,False,1.0,1.0,0.0,0.0,True,1435.5,1105.5
185.180.140.4,1.0,0.0,False,0.0,0.0,False,2.0,0.6,0.0,1.0,True,464.0,313.37772735151424
87.236.176.20,1.0,0.0,False,0.0,0.0,False,1.0,1.0,0.0,0.0,True,245.0,0.0
5.196.102.66,1.0,0.0,False,0.0,0.0,False,1.0,1.0,0.0,0.0,True,162.0,0.0
104.248.164.247,0.0,0.0,False,0.0,0.0,False,1.0,0.0,0.0,0.0,True,166.0,0.0
170.64.129.117,1.0,0.0,False,0.0,0.0,False,1.0,1.0,0.0,1.0,True,197.0,0.0
198.235.24.129,1.0,0.0,False,0.0,0.0,False,1.0,1.0,0.0,0.0,True,1435.5,1105.5
170.64.204.74,1.0,0.0,False,0.0,0.0,False,1.0,1.0,0.0,1.0,True,197.0,0.0
205.210.31.26,1.0,0.0,True,0.0,0.0,False,1.0,1.0,0.0,0.0,True,330.0,0.0
154.209.125.114,1.0,0.0,False,0.0,0.0,False,2.0,0.5,0.0,1.0,True,242.25,54.32023103780027
47.89.195.210,1.0,0.0,False,0.0,0.0,False,1.0,1.0,0.0,1.0,True,245.0,0.0
47.88.94.161,1.0,0.0,False,0.0,0.0,False,2.0,0.5,0.0,1.0,True,221.0,24.0
162.216.149.248,1.0,0.0,False,0.0,0.0,False,1.0,1.0,0.0,0.0,True,330.0,0.0
174.138.56.136,1.0,0.0,False,0.0,0.0,False,3.0,0.13333333333333333,0.0,1.0,True,188.8,31.00580590792634
65.49.1.14,0.0,0.0,False,0.0,0.0,False,1.0,0.0,0.0,0.0,True,166.0,0.0
213.168.248.184,1.0,0.0,False,0.0,0.0,False,2.0,0.25,0.0,0.0,True,185.75,34.208003449485325
162.243.144.4,1.0,0.0,False,0.0,0.0,False,1.0,1.0,0.0,0.0,True,245.0,0.0
3.133.130.45,1.0,0.0,False,0.0,0.0,False,1.0,1.0,0.0,0.0,True,245.0,0.0
162.216.150.141,1.0,0.0,False,0.0,0.0,False,1.0,1.0,0.0,0.0,True,330.0,0.0
165.154.162.212,1.0,0.0,False,0.0,0.0,False,3.0,0.3333333333333333,0.0,0.0,True,169.33333333333334,129.84435126548846
165.154.172.88,1.0,0.0,False,0.0,0.0,False,2.0,0.25,0.0,4.0,True,209.0,20.784609690826528
74.82.47.2,1.0,0.0,False,0.0,0.0,False,3.0,0.25,0.0,2.0,True,201.25,28.252212302756046
190.2.143.136,1.0,0.0,False,0.0,0.0,False,1.0,1.0,0.0,0.0,True,330.0,0.0
162.243.136.68,1.0,0.0,False,0.0,0.0,False,1.0,1.0,0.0,0.0,True,134.0,0.0
185.91.127.166,2.0,0.09090909090909091,False,0.0,0.0,False,3.0,0.45454545454545453,0.0,0.0,True,428.09090909090907,675.5792739360058
167.248.133.33,1.0,0.0,False,0.0,0.0,False,3.0,0.3333333333333333,0.0,0.0,True,181.66666666666666,46.64999702274612
91.191.209.202,0.0,0.0,False,0.0,0.0,False,1.0,0.0,0.0,0.0,True,166.0,0.0
177.251.25.183,1.0,0.0,False,0.0,0.0,False,1.0,1.0,0.0,1.0,True,330.0,0.0
185.165.190.17,1.0,0.0,False,0.0,0.0,False,2.0,0.2,0.0,2.0,True,202.6,65.12633875783284
162.216.149.209,1.0,0.0,False,0.0,0.0,False,1.0,1.0,0.0,0.0,True,330.0,0.0
205.210.31.138,1.0,0.0,True,0.0,0.0,False,1.0,1.0,0.0,0.0,True,330.0,0.0
205.210.31.152,0.0,0.0,False,0.0,0.0,False,1.0,0.0,0.0,0.0,True,166.0,0.0
117.235.82.126,1.0,0.0,False,0.0,0.0,False,1.0,1.0,0.0,0.0,True,330.0,0.0
95.179.188.135,1.0,0.0,True,0.0,0.0,False,1.0,1.0,0.0,0.0,True,330.0,0.0
205.210.31.12,1.0,0.0,True,0.0,0.0,False,1.0,1.0,0.0,0.0,True,330.0,0.0
52.35.139.129,1.0,0.0,False,0.0,0.0,False,1.0,1.0,0.0,0.0,True,162.0,0.0
162.243.137.4,0.0,0.0,False,0.0,0.0,False,1.0,0.0,0.0,0.0,True,166.0,0.0
198.199.100.126,1.0,0.0,False,0.0,0.0,False,1.0,1.0,0.0,0.0,True,134.0,0.0
216.218.206.68,0.0,0.0,False,0.0,0.0,False,1.0,0.0,0.0,0.0,True,166.0,0.0
205.210.31.143,1.0,0.0,True,0.0,0.0,False,1.0,1.0,0.0,0.0,True,330.0,0.0
43.158.217.16,0.0,0.0,False,0.0,0.0,False,1.0,0.0,0.0,0.0,True,166.0,0.0
164.52.0.94,0.0,0.0,False,0.0,0.0,False,1.0,0.0,0.0,0.0,True,166.0,0.0
35.203.210.179,1.0,0.0,False,0.0,0.0,False,1.0,1.0,0.0,0.0,True,330.0,0.0
209.97.179.171,0.0,0.0,False,0.0,0.0,False,1.0,0.0,0.0,0.0,True,166.0,0.0
45.155.126.211,1.0,0.0,False,0.0,0.0,False,1.0,1.0,0.0,0.0,True,245.0,0.0
104.131.144.28,1.0,0.0,False,0.0,0.0,False,1.0,1.0,0.0,0.0,True,134.0,0.0
51.107.11.87,2.0,0.25,False,0.0,0.0,False,2.0,0.25,0.0,2.0,True,289.75,160.64771240201338
103.83.144.161,1.0,0.5,False,0.0,0.0,False,2.0,0.5,0.0,0.0,True,164.0,2.0
162.142.125.213,1.0,0.0,False,0.0,0.0,False,3.0,0.5,0.0,0.0,True,218.75,75.8794273831847
205.210.31.161,0.0,0.0,False,0.0,0.0,False,1.0,0.0,0.0,0.0,True,166.0,0.0
94.102.49.193,1.0,0.0,False,0.0,0.0,False,3.0,0.16666666666666666,0.0,1.0,True,186.0,65.27888887943278
198.235.24.197,1.0,0.0,False,0.0,0.0,False,1.0,1.0,0.0,0.0,True,330.0,0.0
162.243.132.34,1.0,0.0,False,0.0,0.0,False,1.0,1.0,0.0,0.0,True,134.0,0.0
192.241.210.64,1.0,0.0,False,0.0,0.0,False,1.0,1.0,0.0,0.0,True,245.0,0.0
3.93.76.206,1.0,0.0,False,0.0,0.0,False,1.0,1.0,0.0,0.0,True,134.0,0.0
5.32.176.118,1.0,0.0,False,0.0,0.0,False,1.0,1.0,0.0,1.0,True,330.0,0.0
192.241.238.28,0.0,0.0,False,0.0,0.0,False,1.0,0.0,0.0,0.0,True,166.0,0.0
205.210.31.85,1.0,0.0,True,0.0,0.0,False,1.0,1.0,0.0,0.0,True,330.0,0.0
41.239.90.171,1.0,0.0,False,0.0,0.0,False,1.0,1.0,0.0,1.0,True,330.0,0.0
198.235.24.133,1.0,0.0,True,0.0,0.0,False,2.0,0.3333333333333333,0.0,0.0,True,1101.3333333333333,1322.7610853396347
92.8.111.32,1.0,0.0,False,0.0,0.0,False,1.0,1.0,0.0,1.0,True,330.0,0.0
167.248.133.36,1.0,0.0,False,0.0,0.0,False,3.0,0.5,0.0,0.0,True,218.75,75.8794273831847
67.217.57.54,1.0,0.0,False,0.0,0.0,False,1.0,1.0,0.0,0.0,True,166.0,0.0
34.79.162.186,1.0,0.0,False,0.0,0.0,False,1.0,1.0,0.0,0.0,True,245.0,0.0
205.210.31.16,1.0,0.0,True,0.0,0.0,False,1.0,1.0,0.0,0.0,True,330.0,0.0
183.106.26.150,1.0,0.0,True,0.0,0.0,False,1.0,1.0,0.0,0.0,True,330.0,0.0
205.210.31.53,0.0,0.0,False,0.0,0.0,False,2.0,0.0,0.0,0.0,True,83.5,82.5
161.35.50.253,1.0,0.0,False,0.0,0.0,False,3.0,0.2,0.0,2.0,True,243.7,202.96258275849763
35.203.210.148,1.0,0.0,False,0.0,0.0,False,1.0,1.0,0.0,0.0,True,330.0,0.0
124.223.193.80,1.0,0.0,False,0.0,0.0,False,1.0,1.0,0.0,1.0,True,245.0,0.0
170.64.166.144,1.0,0.0,False,0.0,0.0,False,2.0,0.3333333333333333,0.0,0.0,True,171.0,52.32590180780452
35.203.211.245,1.0,0.0,False,0.0,0.0,False,1.0,1.0,0.0,0.0,True,330.0,0.0
134.209.214.227,1.0,0.0,False,0.0,0.0,False,1.0,1.0,0.0,1.0,True,245.0,0.0
64.62.197.119,0.0,0.0,False,0.0,0.0,False,1.0,0.0,0.0,0.0,True,166.0,0.0
107.170.230.25,1.0,0.0,False,0.0,0.0,False,1.0,1.0,0.0,0.0,True,134.0,0.0
185.91.69.110,2.0,0.2,False,0.0,0.0,False,5.0,0.26666666666666666,0.0,1.0,True,288.2,173.37596911529195
192.155.90.220,0.0,0.0,False,0.0,0.0,False,1.0,0.0,0.0,0.0,True,166.0,0.0
145.40.93.199,1.0,0.0,True,0.0,0.0,False,1.0,1.0,0.0,0.0,True,330.0,0.0
23.81.234.78,1.0,0.0,False,0.0,0.0,False,1.0,1.0,0.0,1.0,True,197.0,0.0
64.62.197.127,1.0,0.0,False,0.0,0.0,False,2.0,0.5,0.0,2.0,True,221.0,24.0
64.62.197.124,1.0,0.0,False,0.0,0.0,False,1.0,1.0,0.0,1.0,True,197.0,0.0
203.196.48.192,1.0,0.0,False,0.0,0.0,False,1.0,1.0,0.0,0.0,True,330.0,0.0
94.230.196.233,1.0,0.0,False,0.0,0.0,False,1.0,1.0,0.0,0.0,True,330.0,0.0
35.88.244.220,1.0,0.0,False,0.0,0.0,False,1.0,1.0,0.0,0.0,True,134.0,0.0
183.233.222.226,1.0,0.0,False,0.0,0.0,False,1.0,1.0,0.0,0.0,True,162.0,0.0
91.213.50.8,1.0,0.0,False,0.0,0.0,False,2.0,0.5,0.0,0.0,True,150.0,16.0
35.203.210.249,1.0,0.0,False,0.0,0.0,False,1.0,1.0,0.0,0.0,True,330.0,0.0
18.212.226.163,1.0,0.0,False,0.0,0.0,False,1.0,1.0,0.0,2.0,True,546.0,301.0
198.235.24.122,1.0,0.0,True,0.0,0.0,False,1.0,1.0,0.0,0.0,True,330.0,0.0
34.90.154.165,1.0,0.0,True,0.0,0.0,False,2.0,0.5,0.0,0.0,True,166.0,0.0
46.101.195.227,1.0,0.0,False,0.0,0.0,False,1.0,1.0,0.0,1.0,True,197.0,0.0
198.199.106.44,0.0,0.0,False,0.0,0.0,False,1.0,0.0,0.0,0.0,True,166.0,0.0
184.105.247.195,0.0,0.0,False,0.0,0.0,False,1.0,0.0,0.0,0.0,True,166.0,0.0
35.203.210.97,1.0,0.0,False,0.0,0.0,False,1.0,1.0,0.0,0.0,True,330.0,0.0
36.133.192.106,2.0,0.5,False,0.0,0.0,False,2.0,0.5,0.0,1.0,True,275.5,169.62974385407767
201.96.130.4,1.0,0.0,False,0.0,0.0,False,1.0,1.0,0.0,1.0,True,330.0,0.0
85.215.178.238,1.0,0.0,False,0.0,0.0,False,3.0,0.16666666666666666,0.05555555555555555,1.0,True,493.6666666666667,147.82158916146932
47.254.76.138,1.0,0.0,False,0.0,0.0,False,1.0,0.5,0.0,1.0,True,197.0,0.0
162.243.136.42,1.0,0.0,False,0.0,0.0,False,1.0,1.0,0.0,0.0,True,245.0,0.0
79.124.59.254,1.0,0.0,True,0.0,0.0,False,1.0,1.0,0.0,0.0,True,330.0,0.0
67.217.56.242,1.0,0.0,False,0.0,0.0,False,1.0,1.0,0.0,0.0,True,166.0,0.0
142.93.233.136,1.0,0.0,False,0.0,0.0,False,1.0,1.0,0.0,0.0,True,330.0,0.0
103.73.215.152,1.0,1.0,False,0.0,0.0,False,1.0,1.0,0.0,0.0,True,166.0,0.0
35.164.58.220,2.0,0.045454545454545456,False,0.0,0.0,False,2.0,0.045454545454545456,0.0,1.0,True,213.86363636363637,77.27889012857348
34.73.160.126,1.0,0.0,True,0.0,0.0,False,2.0,0.5,0.0,0.0,True,166.0,0.0
185.225.73.112,2.0,0.3333333333333333,False,0.0,0.0,False,3.0,0.3333333333333333,0.0,0.0,True,257.5,287.57129550774016
60.221.224.113,1.0,0.0,False,0.0,0.0,False,1.0,1.0,0.0,0.0,True,162.0,0.0
134.122.106.248,1.0,0.0,False,0.0,0.0,False,1.0,0.5,0.0,0.0,True,134.0,0.0
121.151.33.119,1.0,0.0,False,0.0,0.0,False,2.0,0.9090909090909091,0.0,1.0,True,5374.772727272727,24559.25749901435
205.210.31.240,0.0,0.0,False,0.0,0.0,False,1.0,0.0,0.0,0.0,True,166.0,0.0
87.236.176.172,1.0,0.0,False,0.0,0.0,False,1.0,1.0,0.0,0.0,True,245.0,0.0
162.243.131.34,1.0,0.0,False,0.0,0.0,False,1.0,1.0,0.0,0.0,True,134.0,0.0
125.143.83.60,1.0,0.0,False,0.0,0.0,False,2.0,0.3333333333333333,0.0,1.0,True,39453.666666666664,55483.372748559144
35.227.62.178,1.0,0.0,False,0.0,0.0,False,1.0,1.0,0.0,0.0,True,372667.0,0.0
103.157.160.57,1.0,0.0,False,0.0,0.0,False,1.0,1.0,0.0,1.0,True,330.0,0.0
103.80.134.77,1.0,0.0,False,0.0,0.0,False,1.0,1.0,0.0,0.0,True,330.0,0.0
103.80.134.226,1.0,0.0,False,0.0,0.0,False,2.0,0.3333333333333333,0.0,0.0,True,180.66666666666666,52.79730632859555
162.243.149.26,1.0,0.0,False,0.0,0.0,False,1.0,1.0,0.0,0.0,True,134.0,0.0
34.78.249.41,1.0,0.0,False,0.0,0.0,False,1.0,1.0,0.0,0.0,True,245.0,0.0
107.170.227.4,1.0,0.0,False,0.0,0.0,False,1.0,1.0,0.0,0.0,True,134.0,0.0
74.50.80.82,1.0,0.0,False,0.0,0.0,False,1.0,1.0,0.0,0.0,True,245.0,0.0
45.200.14.55,1.0,0.0,False,0.0,0.0,False,2.0,0.5,0.0,0.0,True,232.0,98.0
170.64.161.168,1.0,0.0,False,0.0,0.0,False,1.0,1.0,0.0,1.0,True,197.0,0.0
54.245.146.6,2.0,0.19333333333333333,False,0.0,0.0,False,3.0,0.02666666666666667,0.0,2.0,True,401.3933333333333,190.53856640819174
211.231.103.94,1.0,0.0,True,0.0,0.0,False,1.0,1.0,0.0,0.0,True,372667.0,0.0
27.0.238.68,1.0,0.0,True,0.0,0.0,False,1.0,0.5,0.0,0.0,True,1622.5,1349.5
211.231.103.91,1.0,0.0,True,0.0,0.0,False,1.0,1.0,0.0,0.0,True,273.0,0.0
27.0.238.118,1.0,0.0,True,0.0,0.0,False,1.0,1.0,0.0,0.0,True,15406.0,0.0
107.170.244.26,0.0,0.0,False,0.0,0.0,False,1.0,0.0,0.0,0.0,True,166.0,0.0
205.210.31.35,1.0,0.0,True,0.0,0.0,False,1.0,1.0,0.0,0.0,True,2541.0,0.0
27.0.238.186,1.0,0.0,True,0.0,0.0,False,1.0,1.0,0.0,0.0,True,273.0,0.0
205.210.31.20,1.0,0.0,False,0.0,0.0,False,1.0,1.0,0.0,0.0,True,2541.0,0.0
54.235.20.33,1.0,0.0,False,0.0,0.0,False,1.0,1.0,0.0,0.0,True,207.0,0.0
198.199.93.43,1.0,0.0,False,0.0,0.0,False,1.0,1.0,0.0,0.0,True,184.0,0.0
116.49.190.137,1.0,0.0,False,0.0,0.0,False,1.0,0.3333333333333333,0.0,0.0,True,166.0,0.0
211.231.103.106,1.0,0.0,True,0.0,0.0,False,1.0,1.0,0.0,0.0,True,273.0,0.0
45.55.0.36,1.0,0.0,False,0.0,0.0,False,1.0,1.0,0.0,0.0,True,184.0,0.0
198.235.24.44,1.0,0.0,False,0.0,0.0,False,1.0,1.0,0.0,0.0,True,2541.0,0.0
168.232.15.75,1.0,0.0,False,0.0,0.0,False,1.0,1.0,0.0,1.0,True,2541.0,0.0
106.246.235.110,1.0,0.0,False,0.0,0.0,False,4.0,0.13043478260869565,0.0,2.0,True,1910867.652173913,5740948.410649822
118.235.33.10,1.0,0.0,False,0.0,0.0,False,1.0,0.5,0.0,1.0,True,2272970.0,1665949.0
35.203.210.56,1.0,0.0,False,0.0,0.0,False,1.0,1.0,0.0,0.0,True,2541.0,0.0
118.235.32.60,1.0,0.0,False,0.0,0.0,False,2.0,0.29411764705882354,0.0,0.0,True,1101775.5294117648,1695855.183010421
210.119.184.11,1.0,0.0,False,0.0,0.0,False,4.0,0.18421052631578946,0.0,1.0,True,2762784.763157895,5469777.356957028
35.93.155.80,1.0,0.0,False,0.0,0.0,False,2.0,0.5,0.0,2.0,True,515.5,331.5
35.203.211.244,1.0,0.0,False,0.0,0.0,False,1.0,1.0,0.0,0.0,True,2541.0,0.0
183.136.225.32,1.0,0.0,False,0.0,0.0,False,1.0,1.0,0.0,0.0,True,2541.0,0.0
205.210.31.10,0.0,0.0,False,0.0,0.0,False,1.0,0.0,0.0,0.0,True,166.0,0.0
128.14.141.34,1.0,0.0,False,0.0,0.0,False,1.0,1.0,0.0,1.0,True,847.0,0.0
130.211.54.158,1.0,0.0,False,0.0,0.0,False,1.0,1.0,0.0,0.0,True,847.0,0.0
148.63.16.103,2.0,0.5,False,0.0,0.0,False,2.0,0.5,0.0,1.0,True,168.5,15.5
80.94.92.60,1.0,0.0,False,0.0,0.0,False,1.0,1.0,0.0,0.0,True,184.0,0.0
68.67.203.181,1.0,0.0,False,0.0,0.0,False,1.0,1.0,0.0,1.0,True,184.0,0.0
104.248.160.112,0.0,0.0,False,0.0,0.0,False,1.0,0.0,0.0,0.0,True,166.0,0.0
183.97.199.111,1.0,0.0,False,0.0,0.0,False,1.0,1.0,0.0,0.0,True,2541.0,0.0
35.216.195.189,1.0,0.0,False,0.0,0.0,False,1.0,1.0,0.0,0.0,True,847.0,0.0
103.206.115.91,1.0,1.0,False,0.0,0.0,False,1.0,1.0,0.0,0.0,True,166.0,0.0
35.216.135.199,1.0,0.0,False,0.0,0.0,False,3.0,0.2222222222222222,0.0,0.0,True,441.8888888888889,742.1842305645988
198.199.113.61,1.0,0.0,False,0.0,0.0,False,1.0,1.0,0.0,0.0,True,184.0,0.0
180.242.70.55,1.0,0.0,False,0.0,0.0,False,1.0,1.0,0.0,1.0,True,2541.0,0.0
193.34.172.14,1.0,0.0,False,0.0,0.0,False,1.0,1.0,0.0,1.0,True,2541.0,0.0
198.235.24.42,0.0,0.0,False,0.0,0.0,False,1.0,0.0,0.0,0.0,True,166.0,0.0
185.34.22.25,1.0,0.0,False,0.0,0.0,False,1.0,1.0,0.0,1.0,True,2541.0,0.0
205.210.31.173,1.0,0.0,True,0.0,0.0,False,1.0,1.0,0.0,0.0,True,2541.0,0.0
198.199.118.122,1.0,0.0,False,0.0,0.0,False,1.0,1.0,0.0,0.0,True,847.0,0.0
64.62.197.105,1.0,0.0,False,0.0,0.0,False,2.0,0.5,0.0,1.0,True,515.5,331.5
64.62.197.100,1.0,0.0,False,0.0,0.0,False,1.0,1.0,0.0,0.0,True,184.0,0.0
83.143.86.62,1.0,0.0,False,0.0,0.0,False,1.0,1.0,0.0,0.0,True,847.0,0.0
211.231.103.93,1.0,0.0,True,0.0,0.0,False,1.0,1.0,0.0,0.0,True,273.0,0.0
1.225.35.100,1.0,0.0,False,0.0,0.0,False,1.0,1.0,0.0,1.0,True,117919.0,0.0
54.92.214.86,1.0,0.0,False,0.0,0.0,False,2.0,0.5,0.0,0.0,True,515.5,331.5
167.172.28.55,1.0,0.0,True,0.0,0.0,False,2.0,0.6666666666666666,0.0,0.0,True,1190.6666666666667,992.4522938436667
62.233.50.179,0.0,0.0,False,0.0,0.0,False,1.0,0.0,0.0,0.0,True,166.0,0.0
192.241.197.17,1.0,0.0,False,0.0,0.0,False,1.0,1.0,0.0,0.0,True,184.0,0.0
54.87.30.235,1.0,0.0,False,0.0,0.0,False,2.0,0.5,0.0,1.0,True,515.5,331.5
54.80.185.234,1.0,0.0,False,0.0,0.0,False,2.0,0.5,0.0,2.0,True,930.0,970.7731454876572
5.196.102.72,1.0,0.0,False,0.0,0.0,False,1.0,1.0,0.0,0.0,True,207.0,0.0
167.94.145.60,1.0,0.0,False,0.0,0.0,False,3.0,0.3333333333333333,0.0,0.0,True,3221.3333333333335,5512.89795741667
34.212.35.93,1.0,0.0,False,0.0,0.0,False,1.0,1.0,0.0,0.0,True,184.0,0.0
83.19.224.190,1.0,0.0,False,0.0,0.0,False,1.0,1.0,0.0,1.0,True,2541.0,0.0
35.203.210.227,1.0,0.0,False,0.0,0.0,False,1.0,1.0,0.0,0.0,True,2541.0,0.0
64.62.197.169,0.0,0.0,False,0.0,0.0,False,1.0,0.0,0.0,0.0,True,166.0,0.0
198.235.24.27,1.0,0.0,True,0.0,0.0,False,1.0,1.0,0.0,0.0,True,2541.0,0.0
111.91.178.253,1.0,0.5,False,0.0,0.0,False,2.0,0.5,0.0,0.0,True,92.0,92.0
162.216.150.52,1.0,0.0,False,0.0,0.0,False,1.0,1.0,0.0,0.0,True,2541.0,0.0
54.190.52.194,2.0,0.32748538011695905,False,0.0,0.0,False,1.0,0.023391812865497075,0.0,1.0,True,184.1345029239766,1.7537035709901871
167.71.111.142,1.0,1.0,False,0.0,0.0,False,1.0,1.0,0.0,0.0,True,184.0,0.0
51.254.59.113,1.0,0.0,False,0.0,0.0,False,1.0,1.0,0.0,1.0,True,2541.0,0.0
198.235.24.30,0.0,0.0,False,0.0,0.0,False,1.0,0.0,0.0,0.0,True,166.0,0.0
183.136.225.9,1.0,0.0,False,0.0,0.0,False,2.0,0.25,0.0,1.0,True,4578.75,6324.741551043805
64.62.197.214,1.0,0.0,False,0.0,0.0,False,1.0,1.0,0.0,0.0,True,847.0,0.0
64.62.197.212,1.0,0.0,False,0.0,0.0,False,1.0,1.0,0.0,0.0,True,184.0,0.0
103.149.192.85,1.0,0.0,False,0.0,0.0,False,1.0,1.0,0.0,1.0,True,847.0,0.0
37.186.113.9,1.0,0.5,False,0.0,0.0,False,2.0,0.5,0.0,0.0,True,92.0,92.0
45.140.17.16,0.0,0.0,False,0.0,0.0,False,1.0,0.0,0.0,0.0,True,166.0,0.0
192.241.219.29,1.0,0.0,False,0.0,0.0,False,1.0,1.0,0.0,0.0,True,847.0,0.0
192.241.220.52,0.0,0.0,False,0.0,0.0,False,1.0,0.0,0.0,0.0,True,166.0,0.0
103.102.231.4,1.0,0.0,False,0.0,0.0,False,1.0,0.25,0.0,3.0,True,184.0,0.0
180.75.61.229,1.0,0.0,True,0.0,0.0,False,1.0,0.16666666666666666,0.0,0.0,True,207.0,0.0
81.31.149.134,1.0,0.0,False,0.0,0.0,False,1.0,0.08333333333333333,0.0,0.0,True,207.0,0.0
180.149.125.166,1.0,0.0,False,0.0,0.0,False,1.0,1.0,0.0,1.0,True,184.0,0.0
205.210.31.68,0.0,0.0,False,0.0,0.0,False,1.0,0.0,0.0,0.0,True,166.0,0.0
209.222.252.91,1.0,0.0,False,0.0,0.0,False,1.0,1.0,0.0,0.0,True,2541.0,0.0
54.245.26.193,1.0,1.0,False,0.0,0.0,False,1.0,1.0,0.0,1.0,True,153.0,0.0
187.146.112.25,1.0,0.0,False,0.0,0.0,False,1.0,1.0,0.0,0.0,True,0.0,0.0
35.203.210.138,1.0,0.0,False,0.0,0.0,False,1.0,1.0,0.0,0.0,True,2541.0,0.0
35.203.211.207,1.0,0.0,False,0.0,0.0,False,1.0,1.0,0.0,0.0,True,2541.0,0.0
185.224.128.199,1.0,0.0,False,0.0,0.0,False,1.0,1.0,0.0,1.0,True,847.0,0.0
198.235.24.150,1.0,0.0,True,0.0,0.0,False,2.0,0.3333333333333333,0.0,0.0,True,957.6666666666666,1119.5857368787003
87.236.176.79,1.0,0.0,False,0.0,0.0,False,1.0,1.0,0.0,0.0,True,847.0,0.0
87.236.176.184,1.0,0.0,False,0.0,0.0,False,1.0,1.0,0.0,0.0,True,184.0,0.0
87.236.176.62,1.0,0.0,False,0.0,0.0,False,1.0,1.0,0.0,0.0,True,15406.0,0.0
188.166.26.88,1.0,0.0,False,0.0,0.0,False,1.0,1.0,0.0,0.0,True,184.0,0.0
185.181.61.115,1.0,0.0,False,0.0,0.0,False,1.0,1.0,0.0,1.0,True,184.0,0.0
185.180.143.189,1.0,0.0,False,0.0,0.0,False,1.0,1.0,0.0,1.0,True,847.0,0.0
165.154.210.7,1.0,1.0,False,0.0,0.0,False,1.0,1.0,0.0,0.0,True,166.0,0.0
167.248.133.127,1.0,0.0,False,0.0,0.0,False,3.0,0.3333333333333333,0.0,0.0,True,3221.3333333333335,5512.89795741667
167.94.138.36,1.0,0.0,False,0.0,0.0,False,3.0,0.3333333333333333,0.0,0.0,True,3221.3333333333335,5512.89795741667
106.113.188.192,1.0,0.0,False,0.0,0.0,False,1.0,1.0,0.0,0.0,True,2541.0,0.0
205.210.31.110,1.0,0.0,True,0.0,0.0,False,1.0,1.0,0.0,0.0,True,2541.0,0.0
150.255.121.59,1.0,0.0,True,0.0,0.0,False,1.0,1.0,0.0,0.0,True,2541.0,0.0
121.56.26.19,1.0,0.0,False,0.0,0.0,False,1.0,1.0,0.0,1.0,True,2541.0,0.0
123.245.24.61,1.0,0.0,False,0.0,0.0,False,1.0,1.0,0.0,1.0,True,15406.0,0.0
31.58.240.214,1.0,0.0,False,0.0,0.0,False,1.0,1.0,0.0,1.0,True,2541.0,0.0
52.41.114.203,1.0,0.0,False,0.0,0.0,False,1.0,1.0,0.0,1.0,True,847.0,0.0
194.187.176.236,1.0,0.0,False,0.0,0.0,False,1.0,1.0,0.0,0.0,True,847.0,0.0
194.187.176.45,1.0,0.0,False,0.0,0.0,False,1.0,1.0,0.0,0.0,True,15406.0,0.0
64.62.197.201,1.0,0.0,False,0.0,0.0,False,1.0,1.0,0.0,0.0,True,847.0,0.0
64.62.197.211,1.0,0.0,False,0.0,0.0,False,1.0,1.0,0.0,1.0,True,184.0,0.0
64.62.197.204,1.0,0.0,False,0.0,0.0,False,1.0,1.0,0.0,0.0,True,184.0,0.0
64.62.197.203,1.0,0.0,False,0.0,0.0,False,1.0,1.0,0.0,0.0,True,184.0,0.0
45.79.213.144,1.0,1.0,False,0.0,0.0,False,1.0,1.0,0.0,0.0,True,184.0,0.0
64.62.197.82,0.0,0.0,False,0.0,0.0,False,1.0,0.0,0.0,0.0,True,166.0,0.0
52.11.14.19,1.0,0.0,False,0.0,0.0,False,2.0,0.5,0.0,0.0,True,506.5,340.5
59.178.20.80,1.0,0.0,False,0.0,0.0,False,1.0,1.0,0.0,1.0,True,2541.0,0.0
152.32.216.168,1.0,0.0,False,0.0,0.0,False,3.0,0.3333333333333333,0.0,0.0,True,906.3333333333334,1157.592424915705
165.154.182.53,1.0,0.0,False,0.0,0.0,False,2.0,0.25,0.0,4.0,True,4155.25,6501.260392223957
34.201.126.135,1.0,0.0,False,0.0,0.0,False,2.0,0.5,0.0,1.0,True,515.5,331.5
159.203.224.38,0.0,0.0,False,0.0,0.0,False,1.0,0.0,0.0,0.0,True,166.0,0.0
205.210.31.225,0.0,0.0,False,0.0,0.0,False,1.0,0.0,0.0,0.0,True,166.0,0.0
103.125.146.54,2.0,0.4,False,0.0,0.0,False,2.0,0.4,0.0,1.0,True,1136.0,1147.2084379048124
103.125.146.38,2.0,0.7142857142857143,False,0.0,0.0,False,1.0,0.14285714285714285,0.0,2.0,True,197.14285714285714,11.382048164024052
103.125.146.49,2.0,0.3333333333333333,False,0.0,0.0,False,1.0,0.3333333333333333,0.0,2.0,True,199.33333333333334,10.842303978193728
103.125.146.70,2.0,0.6666666666666666,False,0.0,0.0,False,1.0,0.3333333333333333,0.0,2.0,True,199.33333333333334,10.842303978193728
103.125.146.46,2.0,0.5,False,0.0,0.0,False,1.0,0.16666666666666666,0.0,3.0,True,203.16666666666666,8.571593913749194
103.125.146.40,2.0,0.3333333333333333,False,0.0,0.0,False,1.0,0.3333333333333333,0.0,2.0,True,199.33333333333334,10.842303978193728
103.125.146.63,2.0,0.6666666666666666,False,0.0,0.0,False,1.0,0.3333333333333333,0.0,1.0,True,191.66666666666666,10.842303978193728
103.125.146.33,2.0,0.3333333333333333,False,0.0,0.0,False,2.0,0.3333333333333333,0.0,3.0,True,977.3333333333334,1105.7191727056597
103.125.146.43,2.0,0.3333333333333333,False,0.0,0.0,False,1.0,0.3333333333333333,0.0,3.0,True,199.33333333333334,10.842303978193728
103.125.146.67,2.0,0.6,False,0.0,0.0,False,2.0,0.2,0.0,3.0,True,669.2,935.9423913895555
103.125.146.59,1.0,1.0,False,0.0,0.0,False,1.0,1.0,0.0,1.0,True,184.0,0.0
103.125.146.73,2.0,0.5,False,0.0,0.0,False,1.0,0.5,0.0,2.0,True,195.5,11.5
103.125.146.36,2.0,0.75,False,0.0,0.0,False,1.0,0.25,0.0,2.0,True,201.25,9.959292143521045
103.125.146.51,2.0,0.5,False,0.0,0.0,False,1.0,0.5,0.0,2.0,True,195.5,11.5
103.125.146.53,2.0,0.25,False,0.0,0.0,False,1.0,0.25,0.0,2.0,True,201.25,9.959292143521045
103.125.146.68,2.0,0.5,False,0.0,0.0,False,2.0,0.25,0.0,2.0,True,779.0,1017.3345074261464
103.125.146.74,2.0,0.5,False,0.0,0.0,False,1.0,0.5,0.0,2.0,True,195.5,11.5
103.125.146.76,2.0,0.5,False,0.0,0.0,False,1.0,0.25,0.0,3.0,True,201.25,9.959292143521045
103.125.146.32,2.0,0.5,False,0.0,0.0,False,1.0,0.5,0.0,1.0,True,195.5,11.5
103.125.146.42,2.0,0.4,False,0.0,0.0,False,1.0,0.2,0.0,5.0,True,202.4,9.200000000000001
103.125.146.30,2.0,0.4,False,0.0,0.0,False,2.0,0.2,0.0,3.0,True,669.2,935.9423913895555
103.125.146.50,2.0,0.25,False,0.0,0.0,False,1.0,0.25,0.0,3.0,True,207.0,0.0
103.125.146.62,2.0,0.3333333333333333,False,0.0,0.0,False,1.0,0.3333333333333333,0.0,2.0,True,207.0,0.0
103.125.146.64,1.0,0.0,False,0.0,0.0,False,1.0,0.5,0.0,1.0,True,207.0,0.0
103.125.146.57,1.0,0.0,False,0.0,0.0,False,1.0,0.5,0.0,2.0,True,207.0,0.0
103.125.146.48,2.0,0.6666666666666666,False,0.0,0.0,False,1.0,0.3333333333333333,0.0,1.0,True,207.0,0.0
103.125.146.79,2.0,0.375,False,0.0,0.0,False,1.0,0.125,0.0,2.0,True,207.0,0.0
103.125.146.65,1.0,0.0,False,0.0,0.0,False,1.0,0.5,0.0,1.0,True,207.0,0.0
103.125.146.35,2.0,0.3333333333333333,False,0.0,0.0,False,1.0,0.3333333333333333,0.0,2.0,True,207.0,0.0
103.125.146.66,2.0,0.5,False,0.0,0.0,False,1.0,0.5,0.0,1.0,True,207.0,0.0
103.125.146.61,2.0,0.6666666666666666,False,0.0,0.0,False,1.0,0.3333333333333333,0.0,1.0,True,207.0,0.0
103.125.146.47,1.0,0.0,False,0.0,0.0,False,1.0,0.5,0.0,2.0,True,207.0,0.0
103.125.146.80,2.0,0.3333333333333333,False,0.0,0.0,False,2.0,0.3333333333333333,0.0,0.0,True,985.0,1100.258151526268
103.125.146.58,2.0,0.25,False,0.0,0.0,False,1.0,0.25,0.0,3.0,True,207.0,0.0
103.125.146.39,2.0,0.5,False,0.0,0.0,False,1.0,0.5,0.0,2.0,True,207.0,0.0
103.125.146.71,2.0,0.5,False,0.0,0.0,False,1.0,0.5,0.0,1.0,True,207.0,0.0
103.125.146.44,1.0,0.0,False,0.0,0.0,False,1.0,1.0,0.0,1.0,True,207.0,0.0
103.125.146.52,1.0,0.0,False,0.0,0.0,False,1.0,0.25,0.0,3.0,True,207.0,0.0
103.125.146.60,2.0,0.5,False,0.0,0.0,False,2.0,0.5,0.0,2.0,True,180.0,27.0
103.125.146.69,1.0,1.0,False,0.0,0.0,False,1.0,1.0,0.0,0.0,True,207.0,0.0
103.125.146.78,1.0,0.0,False,0.0,0.0,False,1.0,0.3333333333333333,0.0,0.0,True,207.0,0.0
103.125.146.77,1.0,0.0,False,0.0,0.0,False,1.0,1.0,0.0,1.0,True,207.0,0.0
103.125.146.45,1.0,0.0,False,0.0,0.0,False,1.0,0.3333333333333333,0.0,2.0,True,207.0,0.0
103.125.146.41,1.0,0.0,False,0.0,0.0,False,1.0,0.25,0.0,2.0,True,207.0,0.0
103.125.146.55,1.0,0.0,False,0.0,0.0,False,1.0,0.3333333333333333,0.0,2.0,True,207.0,0.0
103.125.146.72,1.0,0.0,False,0.0,0.0,False,1.0,1.0,0.0,1.0,True,207.0,0.0
103.125.146.34,1.0,0.0,False,0.0,0.0,False,1.0,0.5,0.0,1.0,True,207.0,0.0
103.125.146.37,1.0,0.0,False,0.0,0.0,False,1.0,0.5,0.0,2.0,True,207.0,0.0
103.125.146.75,1.0,0.0,False,0.0,0.0,False,1.0,0.5,0.0,1.0,True,207.0,0.0
103.125.146.56,1.0,0.0,False,0.0,0.0,False,1.0,0.5,0.0,1.0,True,207.0,0.0
35.203.211.58,1.0,0.0,False,0.0,0.0,False,1.0,1.0,0.0,0.0,True,2541.0,0.0
198.20.69.98,1.0,0.0,False,0.0,0.0,False,2.0,0.2,0.0,2.0,True,3713.6,5915.6730673694265
192.241.209.24,1.0,0.0,False,0.0,0.0,False,1.0,1.0,0.0,0.0,True,184.0,0.0
107.170.252.41,1.0,0.0,False,0.0,0.0,False,1.0,1.0,0.0,0.0,True,847.0,0.0
184.105.139.67,0.0,0.0,False,0.0,0.0,False,1.0,0.0,0.0,0.0,True,166.0,0.0
64.227.146.243,1.0,0.0,False,0.0,0.0,False,2.0,0.3333333333333333,0.0,0.0,True,405.0,312.54119728445403
212.102.41.23,2.0,0.5,False,0.0,0.0,False,2.0,0.5,0.0,0.0,True,168.5,15.5
185.247.224.183,1.0,0.0,True,0.0,0.0,False,1.0,1.0,0.0,0.0,True,2541.0,0.0
185.196.8.184,0.0,0.0,False,0.0,0.0,False,1.0,0.0,0.0,0.0,True,166.0,0.0
205.210.31.145,1.0,0.0,True,0.0,0.0,False,1.0,1.0,0.0,0.0,True,2541.0,0.0
35.203.210.23,1.0,0.0,False,0.0,0.0,False,1.0,1.0,0.0,0.0,True,2541.0,0.0
182.88.33.9,1.0,0.0,True,0.0,0.0,False,1.0,1.0,0.0,0.0,True,2541.0,0.0
180.95.238.238,1.0,0.0,False,0.0,0.0,False,1.0,1.0,0.0,1.0,True,2541.0,0.0
111.85.200.95,1.0,0.0,False,0.0,0.0,False,1.0,1.0,0.0,1.0,True,15406.0,0.0
164.92.180.89,1.0,0.0,False,0.0,0.0,False,1.0,1.0,0.0,1.0,True,2541.0,0.0
205.210.31.21,1.0,0.0,True,0.0,0.0,False,1.0,1.0,0.0,0.0,True,2541.0,0.0
85.185.169.248,1.0,0.0,False,0.0,0.0,False,1.0,1.0,0.0,1.0,True,2541.0,0.0
8.134.131.51,1.0,0.5,False,0.0,0.0,False,2.0,0.5,0.0,0.0,True,92.0,92.0
178.79.161.152,1.0,0.0,False,0.0,0.0,False,2.0,0.25,0.0,0.0,True,124.5,71.88010851410841
198.199.101.17,0.0,0.0,False,0.0,0.0,False,1.0,0.0,0.0,0.0,True,166.0,0.0
1.254.179.100,1.0,0.0,False,0.0,0.0,False,2.0,0.125,0.0,1.0,True,36800770.125,93534493.23960803
58.123.220.11,1.0,0.0,False,0.0,0.0,False,2.0,0.16666666666666666,0.0,1.0,True,998352.5,1410898.9749743186
198.199.101.64,1.0,0.0,False,0.0,0.0,False,1.0,1.0,0.0,0.0,True,847.0,0.0
51.174.51.83,1.0,0.0,False,0.0,0.0,False,1.0,1.0,0.0,0.0,True,2541.0,0.0
162.243.146.47,1.0,0.0,False,0.0,0.0,False,1.0,1.0,0.0,0.0,True,184.0,0.0
91.204.226.55,1.0,0.0,False,0.0,0.0,False,1.0,1.0,0.0,0.0,True,2541.0,0.0
103.80.134.228,1.0,0.0,False,0.0,0.0,False,2.0,0.3333333333333333,0.0,0.0,True,466.3333333333333,733.5054343508453
74.82.47.3,0.0,0.0,False,0.0,0.0,False,1.0,0.0,0.0,0.0,True,166.0,0.0
1.225.35.132,1.0,0.0,False,0.0,0.0,False,1.0,1.0,0.0,1.0,True,568.0,0.0
223.39.216.165,1.0,0.0,False,0.0,0.0,False,1.0,0.5,0.0,1.0,True,568.0,0.0
223.39.217.21,1.0,0.0,False,0.0,0.0,False,1.0,0.5,0.0,1.0,True,568.0,0.0
185.180.143.49,1.0,0.0,False,0.0,0.0,False,1.0,1.0,0.0,1.0,True,568.0,0.0
92.63.196.76,0.0,0.0,False,0.0,0.0,False,1.0,0.0,0.0,0.0,True,166.0,0.0
223.39.217.160,1.0,0.0,False,0.0,0.0,False,3.0,0.24242424242424243,0.0,1.0,True,3799090.0303030303,7486107.2049046
198.235.24.9,1.0,0.0,False,0.0,0.0,False,1.0,1.0,0.0,0.0,True,2541.0,0.0
188.166.68.252,1.0,0.0,False,0.0,0.0,False,1.0,0.3333333333333333,0.0,0.0,True,166.0,0.0
54.175.41.132,1.0,0.0,False,0.0,0.0,False,1.0,1.0,0.0,0.0,True,847.0,0.0
185.180.143.138,1.0,0.0,False,0.0,0.0,False,1.0,1.0,0.0,1.0,True,917.0,0.0
205.210.31.130,1.0,0.0,True,0.0,0.0,False,1.0,1.0,0.0,0.0,True,166.0,0.0
103.56.61.139,1.0,0.0,True,0.0,0.0,False,2.0,0.25,0.0,1.0,True,881.0,1207.2394128755075
162.216.150.118,1.0,0.0,False,0.0,0.0,False,1.0,1.0,0.0,0.0,True,2972.0,0.0
64.62.197.230,1.0,0.0,False,0.0,0.0,False,1.0,0.5,0.0,0.0,True,166.0,0.0
64.62.197.239,1.0,0.0,False,0.0,0.0,False,1.0,1.0,0.0,1.0,True,568.0,0.0
64.62.197.240,1.0,0.0,False,0.0,0.0,False,1.0,1.0,0.0,0.0,True,166.0,0.0
192.241.222.97,1.0,0.0,False,0.0,0.0,False,1.0,1.0,0.0,0.0,True,184.0,0.0
35.203.210.175,1.0,0.0,False,0.0,0.0,False,1.0,1.0,0.0,0.0,True,2972.0,0.0
167.71.217.57,1.0,0.0,False,0.0,0.0,False,2.0,0.5,0.0,0.0,True,175.0,9.0
198.235.24.3,0.0,0.0,False,0.0,0.0,False,1.0,0.0,0.0,0.0,True,166.0,0.0
117.245.7.230,1.0,0.0,False,0.0,0.0,False,1.0,1.0,0.0,1.0,True,2972.0,0.0
3.230.144.2,2.0,0.4722222222222222,False,0.0,0.0,False,1.0,0.027777777777777776,0.0,0.0,True,184.0,0.0
128.1.248.26,1.0,0.0,False,0.0,0.0,False,1.0,1.0,0.0,1.0,True,917.0,0.0
79.175.42.178,1.0,0.0,False,0.0,0.0,False,1.0,1.0,0.0,1.0,True,2972.0,0.0
107.170.240.42,1.0,0.0,False,0.0,0.0,False,1.0,1.0,0.0,0.0,True,184.0,0.0
159.223.211.17,1.0,0.0,False,0.0,0.0,False,3.0,0.13333333333333333,0.0,1.0,True,278.1333333333333,250.68356326031602
71.6.165.200,1.0,0.0,False,0.0,0.0,False,2.0,0.2,0.0,2.0,True,3799.8,5901.080694245758
34.235.154.22,2.0,0.4,False,0.0,0.0,False,1.0,0.4,0.0,1.0,True,184.0,0.0
